Topic	Words	Probabilities
Topic -1	('specie', 'population', 'ecology', 'effect', 'plant', 'model', 'community', 'individual', 'data', 'change')	(0.004415505323951936, 0.004035607203999992, 0.0038508672735616508, 0.0038206995625261675, 0.0037765460046050277, 0.0036818105509419225, 0.0035011311974240656, 0.0033340707969453914, 0.0032490927467383707, 0.003146540303687425)
Topic 0	('document', 'recherche', 'department', 'public', 'access', 'open', 'institute', 'universit', 'montpellier', 'umr')	(0.011196678244540414, 0.010004221077601134, 0.009550783687554958, 0.008883250109643883, 0.007096386318635939, 0.006698446771540625, 0.006678383962118732, 0.006306373684205278, 0.006266640812035903, 0.006221679380204688)
Topic 1	('forest', 'tree', 'treeline', 'stand', 'climate', 'carbon', 'height', 'change', 'canopy', 'model')	(0.024379740672440385, 0.016558545338405277, 0.015013074895340317, 0.0106433236913687, 0.0091318105912542, 0.008411525822430458, 0.007950411150644607, 0.0078692917463741, 0.0076592964690162585, 0.007651185688623236)
Topic 2	('bee', 'pollen', 'pollinator', 'floral', 'flower', 'plant', 'flowering', 'wild', 'pollination', 'honey')	(0.03946417707965616, 0.028498500209753433, 0.024330976321679642, 0.017829672846958824, 0.014481140058601303, 0.01381636202268794, 0.011343909855271395, 0.010647417538593818, 0.010508991489611314, 0.010431163120109386)
Topic 3	('crop', 'weed', 'field', 'landscape', 'seminatural', 'farming', 'yield', 'wheat', 'pollinator', 'service')	(0.036488166274485034, 0.02530127841282432, 0.01813965884333436, 0.01453719031849967, 0.013973377004199424, 0.01298417098492107, 0.01275850828649878, 0.01208501365459466, 0.011904736451927564, 0.010297562511483768)
Topic 4	('lizard', 'temperature', 'thermal', 'water', 'thermoregulation', 'body', 'ectotherm', 'shelter', 'dupou', 'galliard')	(0.03303534189772074, 0.0181350922028599, 0.01780705144429956, 0.01626783460931882, 0.015119220566937727, 0.013426399523219903, 0.011258350700310964, 0.010300306445491899, 0.010077387500403741, 0.009915878926461421)
Topic 5	('probability', 'survival', 'state', 'age', 'model', 'breeding', 'parameter', 'capture', 'individual', 'class')	(0.03185346091623515, 0.023308165213844875, 0.023142450759377615, 0.02187438525180895, 0.018300946541485966, 0.015482472589630241, 0.012995886122126729, 0.012921847733089305, 0.012710067117903878, 0.011320328044879235)
Topic 6	('heritage', 'people', 'cumming', 'cultural', 'elephant', 'cockle', 'resilience', 'stakeholder', 'nature', 'social')	(0.022561296818701768, 0.020324644835288896, 0.017243731641084267, 0.016681261025022476, 0.016602254149015293, 0.014206662910575462, 0.013559694516575939, 0.012613031162153367, 0.012594690883105478, 0.012394063590300578)
Topic 7	('specie', 'network', 'fgs', 'matrix', 'landscape', 'sdm', 'distance', 'niche', 'similarity', 'neutral')	(0.011459595439281623, 0.010635943930637265, 0.009456218236538309, 0.008995586699780676, 0.00895342936226485, 0.008187732607985863, 0.008056082952438658, 0.007995457562113235, 0.007911333703375004, 0.007877401802260561)
Topic 8	('grassland', 'grazing', 'soil', 'plant', 'digestibility', 'site', 'plot', 'specie', 'community', 'richness')	(0.019754157971026302, 0.016561666047567102, 0.012577884657328016, 0.010548352539063837, 0.009486834862637237, 0.008928225185435932, 0.00875586045522313, 0.008541438708510107, 0.008143101971652446, 0.008000280275152944)
Topic 9	('river', 'stream', 'catchment', 'freshwater', 'water', 'pond', 'network', 'aquatic', 'datry', 'ecosystem')	(0.026587093220771255, 0.02520038068234541, 0.015484839406801497, 0.013352648019500613, 0.012919841822999725, 0.012432896640341405, 0.009799095414061914, 0.009338243761037212, 0.009201508415563045, 0.009132593160614539)
Topic 10	('phylogenetic', 'phylogeny', 'trait', 'diversification', 'diversity', 'signal', 'pal', 'clade', 'tree', 'angiosperm')	(0.03782009403413296, 0.01591039708083336, 0.015088333089900227, 0.012776229340590799, 0.011824656518854726, 0.01148406365165135, 0.01069189604121338, 0.010633236418299979, 0.008377676258674544, 0.00796647499397571)
Topic 11	('fungal', 'soil', 'fungi', 'ecm', 'root', 'plant', 'community', 'mycorrhizal', 'enzymatic', 'ectomycorrhizal')	(0.03858685056935407, 0.027115491050309436, 0.0194661200097295, 0.018689673920152625, 0.017647879089440533, 0.017276695629905008, 0.01613669518744069, 0.014180918908501315, 0.012080817148266287, 0.012030412799303532)
Topic 12	('bird', 'cormorant', 'wintering', 'breeding', 'change', 'winter', 'migratory', 'lemming', 'arctic', 'climate')	(0.020952883794567487, 0.015246905946114948, 0.013583454485581601, 0.012817126415888691, 0.011214341842132755, 0.011190988511623768, 0.010844558789690428, 0.010799606667321078, 0.010705901316597504, 0.01035787196457498)
Topic 13	('selection', 'trait', 'morph', 'variance', 'genetic', 'phenotypic', 'phenotype', 'heritability', 'line', 'generation')	(0.018199408126061644, 0.015354778143812248, 0.015183785727006117, 0.014519238561293394, 0.013787161105035401, 0.013604307100637612, 0.012711553018256057, 0.012677241562220384, 0.010447832699207288, 0.010044024628461922)
Topic 14	('litter', 'leaf', 'decomposition', 'stream', 'detritivore', 'alder', 'fungal', 'breakdown', 'mixture', 'shredder')	(0.06471264438669563, 0.028736858839973657, 0.028191849527563737, 0.024539839585305215, 0.021032520231575473, 0.016312640040893434, 0.013959453201453755, 0.01322507928064922, 0.012474056033495001, 0.011970976935070416)
Topic 15	('temperature', 'thermal', 'energetic', 'consumer', 'metabolic', 'rate', 'warming', 'growth', 'ingestion', 'tercp')	(0.02800909018427313, 0.024784168211483517, 0.018595471463956865, 0.01829149536404034, 0.015346214250588793, 0.014687897093540628, 0.01395194621741397, 0.012538118829083676, 0.01116403418654467, 0.010751704507336193)
Topic 16	('invasion', 'invasive', 'native', 'alien', 'niche', 'range', 'europe', 'introduced', 'population', 'invaded')	(0.03805237225774941, 0.029881470142090607, 0.021848823839080156, 0.019808185175608794, 0.01170161165355109, 0.011624376463121311, 0.00958737588263248, 0.009564002854573563, 0.008959121838058092, 0.008748794211346859)
Topic 17	('genetic', 'mediterranean', 'haplotype', 'iberian', 'atlantic', 'sea', 'lineage', 'mitochondrial', 'population', 'marker')	(0.01923274981633143, 0.018158543659743735, 0.016421166586613488, 0.01621062305714165, 0.015238048756094908, 0.014456936729411306, 0.013488822627664702, 0.012903585096371704, 0.012280615089757078, 0.0115769487284482)
Topic 18	('parasite', 'host', 'virulence', 'infected', 'infection', 'paramecium', 'dispersal', 'transmission', 'uninfected', 'prevalence')	(0.05112675869608936, 0.041037821787818604, 0.03340447930456409, 0.03164314149662042, 0.02691877265872845, 0.025251875180612598, 0.019105109551398918, 0.016384762270352, 0.016153552077450818, 0.012921692256090953)
Topic 19	('coral', 'symbiodinium', 'reef', 'bleaching', 'voolstra', 'iron', 'bacterial', 'acropora', 'clade', 'symbiodiniaceae')	(0.08460751348422547, 0.026875543994602635, 0.02619776860567971, 0.01772683551229904, 0.01560592448870278, 0.014558891734798391, 0.013290932920257717, 0.013286045242651002, 0.013243388209877322, 0.01228568001864403)
Topic 20	('temperature', 'phytoplankton', 'nutrient', 'ml', 'thermal', 'concentration', 'cell', 'lo', 'biovolume', 'experiment')	(0.020541068610986556, 0.0199344334624749, 0.01467169565213316, 0.012070047826016339, 0.011540584123926051, 0.011140033958545537, 0.010091114622513607, 0.009494247395818018, 0.009303726348012709, 0.009206410204049206)
Topic 21	('locus', 'cluster', 'colony', 'allele', 'genetic', 'fst', 'population', 'snp', 'sshc', 'ssha')	(0.029684978783358178, 0.017735411482585645, 0.01727081280155235, 0.016971934333986572, 0.016244986082755333, 0.015180706064512065, 0.0144807193823228, 0.014345390585805107, 0.010923328226794758, 0.010850155388232316)
Topic 22	('bat', 'roost', 'solar', 'turbine', 'wind', 'pipistrellus', 'hedgerow', 'foraging', 'lek', 'flight')	(0.08347936900341175, 0.03115288666286105, 0.02938615076818131, 0.025885226653352054, 0.018684325773394753, 0.014936640209048517, 0.013946981282586908, 0.01351807607632975, 0.013031668888944347, 0.012798051184749679)
Topic 23	('sphagnum', 'peatland', 'peat', 'peatlands', 'microbial', 'moss', 'phototrophic', 'testate', 'amoeba', 'jassey')	(0.05961832562398551, 0.033974698728157726, 0.03283156359099293, 0.029952959709287772, 0.027164668276059876, 0.022769207072566203, 0.020549238273025173, 0.017455055196311155, 0.016833915733556516, 0.015176416102047173)
Topic 24	('equal', 'writing', 'editing', 'supporting', 'conceptualization', 'httpsorcidorg', 'review', 'investigation', 'methodology', 'lead')	(0.08099577327470979, 0.044021455448424195, 0.04046802869630314, 0.026566719023368573, 0.023147594380097673, 0.022085273973911863, 0.021484751289669944, 0.020788811292457684, 0.01947280268323924, 0.018873332211323195)
Topic 25	('sequence', 'primer', 'read', 'pcr', 'sequencing', 'dna', 'sample', 'min', 'bp', 'genome')	(0.02953317225547486, 0.023289469131310775, 0.020690379861650746, 0.01975952640029741, 0.015081229022416914, 0.015069785878027151, 0.014371756652415755, 0.012400350943131723, 0.011767066484074648, 0.011390852433019037)
Topic 26	('fish', 'lake', 'intestinal', 'tp', 'trophic', 'element', 'stomach', 'shoaling', 'zooplankton', 'medaka')	(0.0456644099176457, 0.02131195567417582, 0.02097802180965555, 0.019707986060746904, 0.01876091802618131, 0.018465004727578734, 0.018105819811265227, 0.01806282501105558, 0.016449703496610533, 0.016020842054035637)
Topic 27	('climatic', 'climate', 'precipitation', 'variable', 'csdms', 'temperature', 'translocation', 'site', 'snh', 'trend')	(0.020211334420262256, 0.016054364764961717, 0.015763093831705655, 0.01245262001006015, 0.012102854703197054, 0.01208372315158804, 0.011636117811575041, 0.010672280746697765, 0.009749788158951547, 0.009487934935683005)
Topic 28	('horn', 'gaillard', 'senescence', 'chamois', 'age', 'festabianchet', 'jm', 'antler', 'reproduction', 'deer')	(0.03201075829517729, 0.025318359901366515, 0.018536854485038095, 0.015229223007593351, 0.015060081610633314, 0.014782798238138101, 0.014778910022669225, 0.014424266857805847, 0.01407954360447978, 0.013139760368585007)
Topic 29	('excl', 'trait', 'sla', 'specie', 'height', 'wind', 'itv', 'leaf', 'model', 'environmental')	(0.02945214910647614, 0.02851003805799346, 0.019151933850008435, 0.012483641540134217, 0.011172096179169833, 0.011072708652089442, 0.011002891356548217, 0.010101009488396305, 0.009729632094860803, 0.009556068833918486)
Topic 30	('parasitoid', 'herbivore', 'caterpillar', 'plant', 'parasitoids', 'aphid', 'egg', 'arisanus', 'enemy', 'venom')	(0.025148575127184658, 0.023659952793596874, 0.021784413468915683, 0.019691690309656062, 0.01848119670318197, 0.01833445702518346, 0.018333494238588037, 0.018116074624743284, 0.017118187967816608, 0.01606736359075029)
Topic 31	('cat', 'deer', 'roe', 'home', 'personality', 'owner', 'animal', 'hunting', 'range', 'movement')	(0.04455291980512337, 0.030196571592411618, 0.028204320225340963, 0.027416476324440477, 0.019165048730630085, 0.012921306680980765, 0.011173668670150358, 0.010622355684092505, 0.010459606780431997, 0.010368688812578405)
Topic 32	('breeding', 'brood', 'prospecting', 'chick', 'nest', 'gls', 'double', 'female', 'trip', 'gull')	(0.034362294213624224, 0.02693443533369074, 0.02272405421287512, 0.020758943290860154, 0.019752452264457463, 0.016064580380896944, 0.012135255536942655, 0.011852516767927595, 0.011617686237513834, 0.011591385201467415)
Topic 33	('perch', 'fish', 'lake', 'pike', 'fishery', 'yoy', 'annecy', 'perca', 'bourget', 'windermere')	(0.029983273779507845, 0.02944580700333419, 0.024903844490462047, 0.01618598307604495, 0.012101982467768023, 0.010905082115167077, 0.00939953907312572, 0.008201514033011281, 0.008036154147005094, 0.0078249626852794)
Topic 34	('leaf', 'trait', 'spine', 'defence', 'tlp', 'lma', 'sla', 'spiny', 'root', 'concentration')	(0.0484955456001955, 0.024430205021861787, 0.02074656473945724, 0.014944833950456562, 0.013652819305339303, 0.012170003524855215, 0.011705373723660845, 0.011489450129744809, 0.010589482401072511, 0.008769508985582002)
Topic 35	('andean', 'andes', 'bataua', 'diversification', 'pteronymia', 'genetic', 'speciation', 'oleria', 'oleriina', 'dircennina')	(0.037885900984575595, 0.02714715579922793, 0.019186460773258085, 0.018646350887355542, 0.017779829003096947, 0.014264803134887776, 0.014104723782428647, 0.013542060048455054, 0.013510195851896969, 0.013472661716157177)
Topic 36	('occupancy', 'detection', 'probability', 'observer', 'count', 'counting', 'model', 'singlevisit', 'detectability', 'sampling')	(0.045410334234473375, 0.03917126355145652, 0.02363001139042732, 0.01917069007639938, 0.018339642943134695, 0.01777092866816858, 0.017273746399871802, 0.01283299893933615, 0.012246700466342736, 0.0122459773620277)
Topic 37	('shark', 'na', 'bull', 'pacific', 'carcharhinus', 'hammerhead', 'tiger', 'hg', 'pirog', 'western')	(0.08452642702852492, 0.0292472436748728, 0.024172898678096917, 0.022002487907604985, 0.017116239078242508, 0.017048299179356057, 0.01557491513667167, 0.014723492831204487, 0.014581090966878683, 0.012787617654722238)
Topic 38	('forest', 'functional', 'ancient', 'dark', 'recent', 'diversity', 'woodland', 'disturbance', 'specie', 'redundancy')	(0.029466236679941873, 0.025592107993889668, 0.017490840704259807, 0.015566109597806336, 0.014316605647072603, 0.013767769715472233, 0.012431668569178019, 0.011295484068307875, 0.010879085748489784, 0.01087651962147532)
Topic 39	('stability', 'biomass', 'perturbation', 'recovery', 'system', 'ecosystem', 'disturbance', 'web', 'regime', 'bef')	(0.03920816695829866, 0.021509049661163744, 0.020319780449008375, 0.018709218328055773, 0.017731318934225866, 0.01487569080796918, 0.01481634915050095, 0.013023505768104618, 0.012125977864550724, 0.011755609149713988)
Topic 40	('fire', 'fwi', 're', 'burnt', 'escaped', 'serotiny', 'risk', 'exposure', 'ignition', 'ha')	(0.1258350400096821, 0.028601486538753572, 0.02522844885055113, 0.02041326194955779, 0.01976783084957277, 0.018308352363320755, 0.014857394527409152, 0.013835920550006089, 0.013672228116444661, 0.01297149995714407)
Topic 41	('nest', 'tit', 'clutch', 'cavity', 'laying', 'great', 'box', 'size', 'blue', 'extra')	(0.09106503023631399, 0.07101322003413445, 0.057846675112081365, 0.04538767956899691, 0.038667548439014265, 0.03815725188689056, 0.032995796073651, 0.03257777534069119, 0.03250658214683522, 0.026229940895780988)
Topic 42	('seed', 'germination', 'dormancy', 'seedling', 'ecotype', 'trait', 'retention', 'deer', 'provenance', 'garden')	(0.0702594035084869, 0.040992675050524036, 0.03426615108580917, 0.020316165265912713, 0.011444027705745256, 0.010779422183532948, 0.010680212319672259, 0.010315118924252513, 0.010274223570568519, 0.009010614550505265)
Topic 43	('microbial', 'metabolic', 'reaction', 'niche', 'flux', 'community', 'functional', 'http', 'microbiology', 'organism')	(0.034767379368486694, 0.02714607795996135, 0.01931388101800775, 0.016478523285987697, 0.013522263976088278, 0.013170469559685252, 0.013053671486077096, 0.011270758389692931, 0.011220781105185705, 0.010535227563882544)
Topic 44	('isolates', 'pst', 'virulence', 'infestans', 'nematode', 'virulent', 'potato', 'avirulent', 'striiformis', 'cyst')	(0.05132068512746108, 0.04741635220735852, 0.027667352209471113, 0.027450174942803617, 0.026296876753549175, 0.0250663030879862, 0.02419498901594831, 0.022353927525299473, 0.02175712789504781, 0.021094078168694432)
Topic 45	('stocking', 'salmon', 'dph', 'fish', 'genetic', 'perrier', 'sex', 'bass', 'atlantic', 'stocked')	(0.03539586551412805, 0.023268793412863257, 0.0230034631931167, 0.020768475084453474, 0.018251398079773752, 0.013533116982026926, 0.013115116637939309, 0.012722473189253684, 0.012542047853866123, 0.012320099151560062)
Topic 46	('rattus', 'rodent', 'apc', 'musculus', 'rat', 'session', 'norvegicus', 'trapping', 'locality', 'invasion')	(0.0440729094164799, 0.04403497779512914, 0.0430270829601804, 0.027580233006029888, 0.024623179937374014, 0.020830252032830603, 0.01880182881912404, 0.018507012105862947, 0.01832917611994207, 0.01659206964138276)
Topic 47	('data', 'conr', 'area', 'metadata', 'log', 'format', 'lc', 'database', 'spibirds', 'sex')	(0.03265080208389255, 0.018091746480150044, 0.0170247584353407, 0.016642678834022016, 0.01537022564715078, 0.014487659639679178, 0.014111227606330774, 0.013355506373988793, 0.012738894193691477, 0.012503848901862609)
Topic 48	('trait', 'missing', 'imputation', 'functional', 'elbowauc', 'slope', 'skr', 'scenario', 'index', 'dimensionality')	(0.039434348633184, 0.035527566055050204, 0.0255753941464261, 0.022002970897185625, 0.017241557208450838, 0.01462499598618115, 0.014250015173029996, 0.01243193898979981, 0.01204281169330597, 0.011906507031742421)
Topic 49	('edna', 'metabarcoding', 'dna', 'depth', 'marine', 'fish', 'primer', 'biodiversity', 'mifish', 'reef')	(0.05091423314174165, 0.025576482705151362, 0.02386094686947208, 0.015569461243766429, 0.015501797540497417, 0.014796559545743425, 0.013793605175438933, 0.01127298505730078, 0.010668339627501286, 0.010144400596990916)
Topic 50	('movement', 'sensor', 'segment', 'data', 'residue', 'earwig', 'trajectory', 'animal', 'camera', 'video')	(0.03832736298417042, 0.023962877822890288, 0.01714479156302554, 0.01614758461644929, 0.01577988805165806, 0.015125324835312363, 0.015122442423787347, 0.014821724599783075, 0.014759983816850529, 0.014401624912941453)
Topic 51	('pco', 'irradiance', 'calcication', 'photosynthesis', 'light', 'algae', 'coralline', 'ge', 'calcification', 'seawater')	(0.04103131765371515, 0.029418368710155286, 0.026850743803510935, 0.024528326840687578, 0.023010193472789795, 0.022813360596078452, 0.022296309679177735, 0.02047563629422673, 0.019464786136706266, 0.019284059779298788)
Topic 52	('parasite', 'host', 'plasmodium', 'leucocytozoon', 'malaria', 'blood', 'infection', 'lineage', 'hepatocystis', 'haemosporidian')	(0.053331104678921167, 0.026675884639075182, 0.024009978106583632, 0.02386763027852322, 0.019794175300243223, 0.01831419248321508, 0.01820745560081766, 0.01745909201922301, 0.016705004431116062, 0.016665861254909164)
Topic 53	('dive', 'seal', 'diving', 'foraging', 'trip', 'weddell', 'duration', 'ddu', 'prey', 'ice')	(0.09457042933978514, 0.04147601264441882, 0.03436206984957156, 0.030590951048072874, 0.024366925248161315, 0.02359282769331974, 0.022903220492113123, 0.019752376722504177, 0.019286538918078307, 0.018455192168082328)
Topic 54	('molecular', 'marine', 'genetic', 'genetics', 'biology', 'sea', 'http', 'mediterranean', 'ecology', 'evolution')	(0.030465865928136607, 0.020788374959855617, 0.017022416300360877, 0.016461840674663643, 0.013527151279388652, 0.012390946182611124, 0.012361035592033342, 0.012104769027902132, 0.011161225136959668, 0.010364349331848788)
Topic 55	('closure', 'fishery', 'fishing', 'catch', 'stock', 'periodic', 'connectivity', 'spawning', 'balearic', 'management')	(0.044981124781501784, 0.03620383618899034, 0.03272846374448225, 0.030173826538317586, 0.02871835757272351, 0.02331439238570417, 0.020524280230975647, 0.01945777837492317, 0.017202636143623933, 0.016268773597501028)
Topic 56	('egg', 'temperature', 'parasitoid', 'stage', 'mine', 'thermal', 'host', 'heat', 'tolerance', 'microclimate')	(0.05616008765024464, 0.03265452768846006, 0.023841196604312626, 0.017877738060849597, 0.017857828449445407, 0.017485947944527777, 0.017333801817537242, 0.016060062279225663, 0.015790191495916383, 0.015704522644647063)
Topic 57	('telomere', 'troc', 'chick', 'length', 'lifespan', 'body', 'life', 'tl', 'criscuolo', 'pc')	(0.11511398892935433, 0.03321275977492049, 0.03201804060236896, 0.03056071834514424, 0.02474564089124726, 0.023829434089839095, 0.022188702583939884, 0.01695441025840714, 0.01689710620669675, 0.016544326292694544)
Topic 58	('pesticide', 'substance', 'fauna', 'insecticide', 'soil', 'herbicide', 'cognitive', 'pelosi', 'fungicide', 'study')	(0.07323632213729117, 0.02335483377725793, 0.017718345070592577, 0.016755760367328325, 0.016362944128691034, 0.016028991530243637, 0.014401350475380971, 0.01430629335662689, 0.014198383136620616, 0.01296004713672496)
Topic 59	('lidar', 'forest', 'sensing', 'remote', 'image', 'canopy', 'cover', 'agb', 'uav', 'degradation')	(0.04443755900822382, 0.03601604859287807, 0.020700608931188077, 0.01764588665176907, 0.017601131065230338, 0.01706796574946871, 0.015762146442181064, 0.015140922943500354, 0.013747330777157205, 0.013541378719151394)
Topic 60	('snake', 'teeth', 'tooth', 'dental', 'shape', 'pmm', 'mmc', 'prey', 'head', 'dentition')	(0.05346324738446223, 0.04533639230748821, 0.03576356431918348, 0.03411549549686296, 0.030273263966135697, 0.02528279943374024, 0.02417499625610471, 0.023263378448899266, 0.021713596470452293, 0.016911898147355584)
Topic 61	('herbivore', 'tree', 'oak', 'herbivory', 'insect', 'leaf', 'ant', 'associational', 'mildew', 'impervious')	(0.03901970701044434, 0.03154618526330588, 0.02969566432659411, 0.02766245699267576, 0.026653058038682276, 0.019778083662013165, 0.018963046576528027, 0.017873694121987842, 0.017451477299178456, 0.01734328943568578)
Topic 62	('mass', 'na', 'body', 'birth', 'date', 'kg', 'growth', 'antler', 'adult', 'yearling')	(0.07099434161805533, 0.06313791269945435, 0.060279821766491395, 0.05684588786133879, 0.03146021135151434, 0.028171531085826273, 0.023870148050751366, 0.02370698727880209, 0.023575353550484485, 0.022438621178077513)
Topic 63	('humile', 'invicta', 'bait', 'ant', 'bird', 'predation', 'arthropod', 'abundance', 'patagonicus', 'fallax')	(0.042020668642910645, 0.040779594166135094, 0.03851756127258116, 0.03166257598772012, 0.02766032127404566, 0.018023487836388987, 0.01743893365984608, 0.016832415281429786, 0.015744880385186562, 0.014936604231133247)
Topic 64	('immune', 'roe', 'deer', 'immunity', 'antibody', 'tick', 'haptoglobin', 'age', 'haemagglutination', 'serological')	(0.04439770644476754, 0.03087271377280998, 0.03070646023624162, 0.029442207271995625, 0.026336223325539886, 0.024062427140219327, 0.018153203812417654, 0.017545626494842002, 0.016372065540316456, 0.014964010174194327)
Topic 65	('island', 'archipelago', 'endemic', 'speciation', 'eigenfunctions', 'canary', 'biogeography', 'directional', 'azores', 'equilibrium')	(0.08294659042991087, 0.02792118075328281, 0.025953030627437774, 0.018720849913515407, 0.01591066663075982, 0.014575426115093344, 0.013842625064733678, 0.013482810265783834, 0.013225685767333219, 0.013171068053811238)
Topic 66	('wolbachia', 'mite', 'spider', 'urticae', 'bassiana', 'tetranychus', 'infection', 'versus', 'brunneum', 'zl')	(0.034401415370134546, 0.0339148833199546, 0.027990093351927453, 0.02724956264035755, 0.02674449662229397, 0.024983025481564516, 0.021045490397852324, 0.02043282343138723, 0.01948124940872634, 0.018873821273012827)
Topic 67	('wing', 'mimicry', 'colour', 'timareta', 'conspicuousness', 'phenotype', 'melpomene', 'spot', 'ring', 'derived')	(0.07337843638368285, 0.04686381125844072, 0.046757337462963074, 0.03513688709364477, 0.030687936331186844, 0.02834367726525276, 0.02683551138559077, 0.02541072010795438, 0.023394445579332485, 0.022676610592675644)
Topic 68	('dee', 'model', 'sst', 'suitability', 'chough', 'temperature', 'habitat', 'aic', 'variable', 'monthly')	(0.02107081442963219, 0.01657222967391967, 0.016544238655896208, 0.015095936858518, 0.013929441866398306, 0.013734658193384767, 0.013261764266271459, 0.012925496450211734, 0.012688120216183818, 0.012243756808874174)
Topic 69	('fishery', 'fish', 'marine', 'recherche', 'document', 'closure', 'reef', 'stock', 'public', 'sh')	(0.024840376779221292, 0.023573847529383345, 0.018559608075421428, 0.01219636585441182, 0.01172324773065519, 0.009641405043603711, 0.009529496410550554, 0.009459691940744952, 0.009339676413026255, 0.008992319473309156)
Topic 70	('beetle', 'saproxylic', 'deadwood', 'pwn', 'manuscrit', 'energy', 'forest', 'ccz', 'insect', 'diversity')	(0.056117730157110746, 0.03918728239051233, 0.017151351588713656, 0.01602167094201957, 0.01564098984556248, 0.01465287546962155, 0.01459355653523982, 0.01445366701521417, 0.01381749413093421, 0.012282336019896808)
Topic 71	('sperm', 'male', 'fertilization', 'ageing', 'ejaculate', 'ph', 'allocation', 'competition', 'seminal', 'planeri')	(0.1110919232376735, 0.0360343223055337, 0.03495869861772356, 0.03195660720775727, 0.021978342617293905, 0.0193409299607716, 0.019050377825463444, 0.018843587136555085, 0.017319721833950287, 0.01697043161302071)
Topic 72	('butterfly', 'urban', 'garden', 'urbanization', 'landscape', 'conservation', 'julliard', 'naturalness', 'biodiversity', 'agricultural')	(0.03287215105682944, 0.02542133475371143, 0.022899612427529113, 0.02010135681913748, 0.019352332256642703, 0.014044748340292882, 0.012070886141473119, 0.011490778527982987, 0.01062421098551053, 0.010490076283975929)
Topic 73	('feather', 'oxidative', 'plumage', 'carotenoid', 'pigeon', 'zinc', 'iridescent', 'coloration', 'galvn', 'colouration')	(0.07436094198022726, 0.04909899320145378, 0.035186093402293464, 0.02832492940343798, 0.027411390879618382, 0.027030677117401463, 0.026544488761078264, 0.026324616063921367, 0.020976597060495324, 0.020503564721259696)
Topic 74	('web', 'logbody', 'prey', 'predation', 'eciency', 'food', 'predator', 'conversion', 'ki', 'yf')	(0.04168884917912479, 0.03732617552141282, 0.03654978468326606, 0.03471919155478249, 0.033097285280718224, 0.031712178444807046, 0.028787997428980163, 0.026425080965147608, 0.02543587851188995, 0.02447990060811276)
Topic 75	('primer', 'set', 'sample', 'bat', 'motus', 'sequence', 'coi', 'read', 'dna', 'variant')	(0.0613695497048344, 0.030790122851362213, 0.02664158618932803, 0.02341637583940053, 0.023165944285877215, 0.022565500543465573, 0.020088295658967102, 0.01942852149457006, 0.0183808749317434, 0.01788639310978533)
Topic 76	('bird', 'extinction', 'conservation', 'finch', 'biodiversity', 'human', 'http', 'science', 'ecology', 'darwin')	(0.0167570518501502, 0.011716348874586365, 0.01080598077276382, 0.010618911807898592, 0.009873635789907758, 0.009666319168186934, 0.009401984859985186, 0.009377838391436124, 0.009213722010899792, 0.009043957209844087)
Topic 77	('mountain', 'plant', 'alpine', 'httpsdoiorg', 'warming', 'climate', 'ecology', 'change', 'confidential', 'org')	(0.017303546356496457, 0.016912915716857994, 0.015502302731941146, 0.013438662165216888, 0.012126598678519823, 0.011949163720716742, 0.011139419347687954, 0.010292390913469493, 0.009869830988504752, 0.009649552857841864)
Topic 78	('butterfly', 'mimicry', 'heliconiini', 'mimetic', 'colour', 'cg', 'wing', 'evolution', 'cgs', 'lepidoptera')	(0.04988864677092295, 0.03794351350236909, 0.020551432647201568, 0.019239834706071414, 0.017347937517397136, 0.016992795787837568, 0.016084662511269884, 0.015014867965240602, 0.014914758435704898, 0.014216417600505769)
Topic 79	('dispersal', 'cell', 'fitness', 'plasticity', 'dispersing', 'trial', 'ancestor', 'nondispersing', 'genotype', 'syndrome')	(0.0670336138802182, 0.04147138239370553, 0.030883240034171415, 0.029039275030130526, 0.026708871236653334, 0.02648586302030889, 0.02634561024092585, 0.026277195590973166, 0.023364977207449112, 0.01922217623224751)
Topic 80	('squirrel', 'columbian', 'female', 'murie', 'dobson', 'selonen', 'ground', 'lifetime', 'wistbacka', 'offspring')	(0.06768850540824378, 0.037026995994521084, 0.03260913876117145, 0.030375795357961064, 0.029554975552661764, 0.02834276152391509, 0.02719569210749318, 0.023585746443057477, 0.023468970009439125, 0.023183946272544633)
Topic 81	('root', 'absorptive', 'diameter', 'mechanical', 'transport', 'rpe', 'dicot', 'soil', 'monocot', 'srl')	(0.13458543003606907, 0.03724691235617283, 0.037199577750404604, 0.03511896362275333, 0.026208916835384535, 0.024368232173457023, 0.01934170442991674, 0.018330704097086353, 0.017994581549769833, 0.01705844551025201)
Topic 82	('soil', 'root', 'nutrient', 'exploration', 'plant', 'nitrogen', 'grass', 'unexplored', 'phosphorus', 'qualitative')	(0.04204327813008424, 0.03780220880419019, 0.031417311973593307, 0.02684979057132096, 0.02025956410229577, 0.013244109318061349, 0.010575077636425251, 0.010053193459340871, 0.009920529524951522, 0.009893041795661328)
Topic 83	('bm', 'om', 'oo', 'obf', 'um', 'ouv', 'ub', 'omvuom', 'ob', 'uo')	(0.12423933051463522, 0.07854032422276418, 0.07398888350199113, 0.059907740747846445, 0.05221252720742456, 0.0482348442601137, 0.04394251538852788, 0.03833823572285307, 0.036127693782055284, 0.03558413262984351)
Topic 84	('epigenetic', 'methylation', 'dna', 'epigenetics', 'genome', 'variation', 'thaliana', 'nonmodel', 'inheritance', 'histone')	(0.11247632785067044, 0.08880707931497754, 0.04187366927103612, 0.031995225189370424, 0.023537870363146158, 0.02134402893795121, 0.020210859297931427, 0.013990049861534818, 0.013839981649254967, 0.013700588321565213)
Topic 85	('bird', 'document', 'foot', 'recherche', 'department', 'flock', 'public', 'seabird', 'centre', 'access')	(0.014287130454404898, 0.012580629658034189, 0.012142698778356649, 0.010484580516446716, 0.010377942159543237, 0.01015881470911865, 0.010095121826212732, 0.008484392216340226, 0.007838764153659396, 0.0076804042622822324)
Topic 86	('nutrient', 'cycling', 'web', 'food', 'producer', 'consumer', 'mineral', 'cv', 'enrichment', 'recycling')	(0.09752760260644187, 0.04873368034447654, 0.04131128491777901, 0.0411824950669413, 0.03800944937900694, 0.03665673727192544, 0.03624466687410115, 0.03384189250912398, 0.033290012588840914, 0.0322014651569372)
Topic 87	('larva', 'larval', 'silk', 'treatment', 'drosophila', 'gut', 'microbiota', 'family', 'fritillary', 'glanville')	(0.06317492734094082, 0.05270448074808511, 0.03744820833995205, 0.02583822375999446, 0.02421322935127307, 0.018853917165629033, 0.018016942346068987, 0.017437421782029464, 0.017030133305931505, 0.01698808868982818)
Topic 88	('penguin', 'cherel', 'seal', 'king', 'antarctic', 'winter', 'blood', 'fur', 'subantarctic', 'foraging')	(0.08911789623776746, 0.059421274019975635, 0.04323584548867519, 0.038659385767546066, 0.036535863970967176, 0.03201646280346803, 0.031236710263939288, 0.030552079342971033, 0.025292090501896587, 0.024932028412696837)
Topic 89	('snp', 'locus', 'contigs', 'paralogous', 'rad', 'haplotype', 'allele', 'genome', 'read', 'sequence')	(0.04471127328443892, 0.035531844395159315, 0.023034788966744015, 0.019642340472615993, 0.018415464494721506, 0.017375132450782312, 0.017047209812471868, 0.015811455403606837, 0.015373139252032526, 0.015312709209379851)
Topic 90	('receptor', 'pinna', 'disease', 'tlr', 'pathogen', 'puuv', 'vole', 'toll', 'hantavirus', 'nobilis')	(0.026182334377858444, 0.024713136294555443, 0.024419171067172216, 0.022726605026627506, 0.02016108567801306, 0.01960795660086155, 0.018577360072623953, 0.018185309733672828, 0.017901950348012334, 0.017533354016049094)
Topic 91	('litter', 'soil', 'mineralisation', 'microbial', 'homefield', 'priming', 'decomposition', 'maom', 'fromin', 'fanin')	(0.0665174124938865, 0.043387443671586874, 0.036165821901740176, 0.032796161299137275, 0.026499820460970557, 0.025758367179623667, 0.02530089089533406, 0.024015534388139918, 0.023534740864920363, 0.02343233589968728)
Topic 92	('parasitoid', 'aphid', 'ladybird', 'host', 'aphidophagous', 'ervi', 'coccidophagous', 'patchleaving', 'coccid', 'pisum')	(0.040251802344607346, 0.033086990361102644, 0.03156284957510685, 0.022489270081156608, 0.021662688432711123, 0.019480876710329827, 0.018611638419367197, 0.018558236937022184, 0.015792378169247966, 0.014377844893743314)
Topic 93	('seagrass', 'marine', 'zostera', 'marina', 'coastal', 'doi', 'atlantic', 'progress', 'ecology', 'intertidal')	(0.03420043441414121, 0.026706808357969337, 0.02145354171054304, 0.018478802784394406, 0.015270392080074838, 0.01354617016671739, 0.012704677805273991, 0.012255114770214933, 0.011951931704316333, 0.011025992269824973)
Topic 94	('mosquito', 'aedes', 'aegypti', 'vector', 'borne', 'disease', 'oviposition', 'blood', 'container', 'anopheles')	(0.10745754122811536, 0.039495445690029635, 0.039400939526232505, 0.02480776395918207, 0.022044785261638635, 0.021308798349952685, 0.017745478836937584, 0.01562909617620075, 0.015312153441763631, 0.014264332066299292)
Topic 95	('drosophila', 'yakuba', 'santomea', 'male', 'bcyak', 'pigmentation', 'melanogaster', 'song', 'courtship', 'introgression')	(0.06194443894330633, 0.047287936449607194, 0.04180497428645993, 0.031625211283733363, 0.031196841765209232, 0.02914273991522244, 0.025827555397882875, 0.025254549001039652, 0.02160254867440573, 0.019798276365870688)
Topic 96	('meadow', 'marina', 'eelgrass', 'settlement', 'zostera', 'tidal', 'shoot', 'seagrass', 'intertidal', 'sediment')	(0.05487957223063538, 0.0499149721446133, 0.022623087538841197, 0.021080945135946737, 0.017930034966733836, 0.01589251118985622, 0.01583234303307747, 0.015594184955860195, 0.013036434129357326, 0.012739743964175126)
Topic 97	('lake', 'cladoceran', 'sediment', 'bourget', 'geneva', 'annecy', 'daphnia', 'bosmina', 'phytoplankton', 'climate')	(0.09888429405535416, 0.03723941948886876, 0.03277206802238887, 0.030353988611896872, 0.028772176892486383, 0.0261606481925578, 0.019145681715430407, 0.01564729856854906, 0.015240991010842333, 0.014882178595634947)
Topic 98	('jf', 'ipcom', 'mgnw', 'mbio', 'swio', 'reu', 'outer', 'nosy', 'nbe', 'pomacentridae')	(0.32436150676835146, 0.17199761927101173, 0.1406365709101959, 0.1361052151865814, 0.1275851656512607, 0.12515344457259633, 0.10708931012084548, 0.10548163464672612, 0.09311765186158938, 0.08698716434153352)
Topic 99	('beaugrand', 'niche', 'chromatogram', 'assemblage', 'dimension', 'taxonomic', 'cpr', 'category', 'pseudospecies', 'speciestaxa')	(0.03491924884379502, 0.03490764923447295, 0.03046490606554628, 0.028469042406393426, 0.026439973758241933, 0.021305967246084873, 0.020262114383975745, 0.019145476743276647, 0.017237966900168003, 0.017161288039399716)
Topic 100	('male', 'success', 'reproductive', 'janicke', 'mating', 'sex', 'hermaphrodite', 'sexual', 'female', 'snail')	(0.04216117366612567, 0.035118871595766314, 0.03441587542712564, 0.03179220409789715, 0.030469156587460737, 0.030207310160647156, 0.02931641056521371, 0.028205334566412228, 0.02386293653959763, 0.023139005021179784)
Topic 101	('radiation', 'chernobyl', 'strain', 'contaminated', 'contamination', 'mousseau', 'exposure', 'lychnidisdioicae', 'ukraine', 'mller')	(0.08436743022175348, 0.061989942567500074, 0.04774104793493245, 0.0367794954124208, 0.02893936320187958, 0.027778491610125362, 0.025780518503177363, 0.02401718375801123, 0.022925713122749262, 0.021945705902062705)
Topic 102	('hornet', 'yellowlegged', 'velutina', 'hive', 'humanmediated', 'spread', 'flight', 'honey', 'vespa', 'bee')	(0.12246862729942233, 0.04889593499969914, 0.03975999960864426, 0.03679797170080451, 0.03563786723294198, 0.03353815976285372, 0.032670779817854934, 0.03252304059258418, 0.03154189983678728, 0.031067429294063982)
Topic 103	('mite', 'honey', 'mellifera', 'bee', 'destructor', 'varroa', 'apis', 'queen', 'colony', 'honeybee')	(0.06715602780514653, 0.05455818865562801, 0.04699568340588909, 0.04296124280480717, 0.04120542674645153, 0.03991396067984555, 0.034541768940272576, 0.030737567866838948, 0.028327809815818106, 0.02202422461772001)
Topic 104	('orchid', 'pollinator', 'pollination', 'maculatum', 'floral', 'odour', 'inflorescence', 'orchidpollinator', 'deceptive', 'arum')	(0.061519358856426246, 0.05674047993485334, 0.03974835935491716, 0.03378714406979039, 0.031759810164524664, 0.023986449554000353, 0.022791079358133057, 0.019125064642286832, 0.018647797067351722, 0.018246973637739267)
Topic 105	('psi', 'elbowauc', 'gg', 'lc', 'ggg', 'ba', 'nt', 'bm', 'iq', 'bb')	(0.3174605378717232, 0.20084225770781675, 0.1631363506918138, 0.07956422055491671, 0.062323959657948784, 0.053371468427808356, 0.04799132887561804, 0.04622218450829484, 0.044733601612388096, 0.04219817497201939)
Topic 106	('network', 'ecology', 'ecological', 'citsci', 'jm', 'letter', 'web', 'science', 'gravel', 'ecol')	(0.025017581352617932, 0.016226313175565048, 0.012834342249039258, 0.01259028361304397, 0.010864264966681775, 0.01063731799280566, 0.01050727870521417, 0.01000929637597027, 0.009960473449102277, 0.009833023528298106)
Topic 107	('alien', 'impact', 'monetary', 'cost', 'evans', 'bird', 'kumschick', 'severe', 'biodiversity', 'eicat')	(0.12576809129123756, 0.08559320535675367, 0.08358788422902778, 0.07542399021811584, 0.057788766497628215, 0.043992112532598035, 0.043899224420399174, 0.03719627103139575, 0.03709549551187881, 0.03485871899910581)
Topic 108	('snail', 'shell', 'morphs', 'tide', 'pisana', 'pigmentation', 'morph', 'khler', 'ng', 'shore')	(0.07107245229811389, 0.03809049026039619, 0.037235187875438315, 0.033537217513802016, 0.027121541451673007, 0.022313987957044226, 0.022230581348317516, 0.020656532900092877, 0.020163456753330998, 0.0197443559898021)
Topic 109	('turtle', 'nesting', 'patch', 'feeding', 'foraging', 'migration', 'dalleau', 'sea', 'oceanic', 'green')	(0.12080005092245744, 0.06954012665329412, 0.04374347179144694, 0.0367543922602433, 0.031040455642591263, 0.02620072051575323, 0.025775780452181218, 0.024365739821617452, 0.023373365019875025, 0.02243389330847799)
Topic 110	('lion', 'hyaena', 'encounter', 'carcass', 'pride', 'kill', 'subgroup', 'prey', 'elephant', 'gps')	(0.10292991821639162, 0.06097304708591961, 0.05489487570881497, 0.05136223809527473, 0.03876210255332403, 0.03456098106855642, 0.02602221205468551, 0.02452296461452602, 0.01661063054043031, 0.016020655251462523)
Topic 111	('plant', 'trait', 'ecology', 'ontology', 'leaf', 'functional', 'root', 'nepenthes', 'arabidopsis', 'reich')	(0.018225356076292006, 0.012807719645514958, 0.01190024661250879, 0.011032732030263136, 0.010463243159266536, 0.010288027413543645, 0.009187029376525364, 0.008953436829345084, 0.00878590063562653, 0.008254285470852546)
Topic 112	('tree', 'ash', 'inoculum', 'dieback', 'armillaria', 'defoliation', 'disease', 'starch', 'gallica', 'pathogen')	(0.057602965314165054, 0.0376201168678116, 0.033613364605182564, 0.03327009338328778, 0.030365386454862194, 0.028684853197280487, 0.028367279314138814, 0.02834102735787138, 0.027341058242885376, 0.025913725004108053)
Topic 113	('muscle', 'sardine', 'yolk', 'albumen', 'aa', 'mitochondrial', 'foot', 'atp', 'egg', 'tissue')	(0.08587807110039225, 0.041697535768848486, 0.03768738428639583, 0.03700623734534075, 0.03451431820044565, 0.027052092833770927, 0.02628523311651418, 0.02350727022810368, 0.017926956277193068, 0.01783698237071235)
Topic 114	('allelopathic', 'excl', 'aquatic', 'plant', 'grandiflora', 'submerged', 'terrestrial', 'phenolic', 'emergent', 'compound')	(0.044075133278641244, 0.03569122277031521, 0.03179595612252576, 0.029412360139279566, 0.02852732577745965, 0.026950771787417508, 0.026762539733025555, 0.024006222878396603, 0.022485462144215613, 0.020066204725007048)
Topic 115	('urbanization', 'spider', 'web', 'mesh', 'urban', 'diadematus', 'itv', 'body', 'width', 'orb')	(0.06830333708482457, 0.06050887373224346, 0.05016060651605747, 0.02219324195649778, 0.01974974183339543, 0.018839983404362517, 0.018254351231649923, 0.018242507712920807, 0.01808321832892413, 0.017402330247911445)
Topic 116	('marine', 'plan', 'gulf', 'planning', 'policy', 'ocean', 'protected', 'conservation', 'lsw', 'climate')	(0.05093078956586141, 0.026718778954013377, 0.025436923241599765, 0.025099786969809773, 0.0224683138762936, 0.02164690379228848, 0.01727129940838992, 0.01617676045925504, 0.015518894246083671, 0.014297476367971858)
Topic 117	('offspring', 'cub', 'bear', 'phi', 'mother', 'yearling', 'independence', 'litter', 'dependent', 'polar')	(0.08248039733102314, 0.0647401745989599, 0.06074616241311667, 0.053227166521880614, 0.04395912287094284, 0.0439208877288463, 0.0416183885098708, 0.03927139758476702, 0.03888531840414121, 0.03845631326615538)
Topic 118	('mixotrophy', 'bn', 'noncarbon', 'element', 'heterotrophy', 'bioelements', 'mixotrophic', 'organism', 'nutrient', 'mixotrophs')	(0.058229125524798725, 0.02991084616390329, 0.025133523929533764, 0.02303758387660629, 0.021284608992438957, 0.01908275288977286, 0.017602630512644764, 0.01614473796647189, 0.01565048870550066, 0.01500685869223759)
Topic 119	('aphid', 'diapause', 'mpdnv', 'parasitoid', 'gu', 'mummy', 'ervi', 'infection', 'viruliferous', 'parasitoids')	(0.13387133871333867, 0.03913289061336347, 0.03867307646433663, 0.03425979398751337, 0.031078534558780686, 0.02236767802442623, 0.020674300806317138, 0.020275027155740186, 0.02004985202587782, 0.018626777792178504)
Topic 120	('farmer', 'clove', 'tree', 'shade', 'tsabo', 'coffee', 'shadetreeadvice', 'lek', 'knowledge', 'ranking')	(0.10273482087240905, 0.049774043504887455, 0.044424537696321376, 0.04323269949110907, 0.039619788760817384, 0.039131466622084825, 0.03905018289950565, 0.026365887787763432, 0.02626021214226268, 0.024197123141700305)
Topic 121	('forest', 'riparian', 'dg', 'sub', 'saharan', 'refuge', 'togolese', 'togo', 'biome', 'mountain')	(0.04201365047131701, 0.038796460690890995, 0.027390053648801666, 0.025828454392831754, 0.02502848481638292, 0.024667317919424937, 0.022834066347621154, 0.022502665540699265, 0.021561560621311454, 0.020660030932167568)
Topic 122	('urban', 'urbanisation', 'nonurban', 'urbanised', 'phenotypic', 'urbanization', 'city', 'adaptation', 'habitat', 'environment')	(0.08298110084925991, 0.04442623590555993, 0.042400836247940825, 0.03865897405060845, 0.021276918948261198, 0.02086342310149109, 0.019878900554634232, 0.016270329992175175, 0.015752811260300696, 0.015016805713945206)
Topic 123	('betweenness', 'strength', 'network', 'imputation', 'social', 'measure', 'crosssectional', 'centrality', 'group', 'individual')	(0.16875452183999096, 0.10617035405192536, 0.07503718762426317, 0.04922746272244015, 0.04722104830630102, 0.02735897928518243, 0.025099754037629922, 0.02476846548172637, 0.023731000131571423, 0.023422266686671776)
Topic 124	('stage', 'egg', 'embryo', 'hatching', 'helper', 'rewetting', 'desiccation', 'diapause', 'developmental', 'development')	(0.05236218618521566, 0.04666598603533451, 0.035531953198555184, 0.032338107957145736, 0.030141846038993638, 0.02665788830711124, 0.024052701150412456, 0.019588666818948716, 0.018901126669548105, 0.017659577098798753)
Topic 125	('pal', 'phyllonorycter', 'sp', 'mv', 'carex', 'nam', 'afr', 'spinus', 'ori', 'lc')	(0.06422348526044007, 0.04092962399090462, 0.036972025341521976, 0.035474416158582614, 0.029356576360465944, 0.027006098960149057, 0.02332796187505894, 0.02176740044835161, 0.021036686521205543, 0.019615531678277513)
Topic 126	('elevation', 'elevational', 'alpine', 'height', 'vegetative', 'trait', 'ep', 'preference', 'glacialis', 'viviparum')	(0.08395330640341132, 0.06403249626125364, 0.03969404171207407, 0.025303931026245886, 0.02256807622555842, 0.02168502293787656, 0.020848916989929814, 0.020535755506913406, 0.017197621190649753, 0.01670707578456495)
Topic 127	('nq', 'qn', 'nn', 'jo', 'oj', 'nj', 'nb', 'ob', 'bb', 'afl')	(0.15897025574838028, 0.0924823067920139, 0.09056634266390647, 0.08865934594527408, 0.08252666563380917, 0.07631145232652156, 0.07011439754933056, 0.0696506733299092, 0.06625742755293938, 0.06623146845930752)
Topic 128	('zonata', 'invasion', 'tephritidae', 'host', 'fly', 'invasive', 'invader', 'capitata', 'quilicii', 'insect')	(0.028078771284374044, 0.026839686346137946, 0.02358108077848731, 0.02350334039251749, 0.019882743171557287, 0.016706558496651355, 0.016182989346031136, 0.015441233181798065, 0.015182723660079445, 0.014522440723724992)
Topic 129	('gardetta', 'macromma', 'macrocarpa', 'darwiniana', 'arcania', 'hybrid', 'hybridization', 'speciation', 'bgrc', 'maritima')	(0.037023160520471936, 0.028877148206356812, 0.02677165337496652, 0.026164268647256742, 0.02553207568025814, 0.025488646787486885, 0.023707786500377692, 0.022532851830587758, 0.02118880930435661, 0.01955223514053491)
Topic 130	('whale', 'sonar', 'lfas', 'exposure', 'killer', 'playback', 'sound', 'incidental', 'sperm', 'mfa')	(0.11500751715451826, 0.09856587591477525, 0.05881126010134057, 0.058408435775829465, 0.043625764815723306, 0.03929523022001726, 0.038108095908183606, 0.03781396631074275, 0.029508681713481127, 0.029503804314849048)
Topic 131	('gypsy', 'moth', 'dauteur', 'manuscrit', 'liebhold', 'manuscript', 'allee', 'robinet', 'bjrnstad', 'author')	(0.10407949139836915, 0.08640670965189563, 0.07482516879622629, 0.07400779013514089, 0.05827279823715841, 0.04611691186972513, 0.04244985610251353, 0.03645161334306554, 0.03611431896686548, 0.033460080545478964)
Topic 132	('coral', 'reef', 'pocillopora', 'palaemonid', 'phylogenetic', 'diversication', 'marine', 'myr', 'chagos', 'molecular')	(0.03679915013474491, 0.023278959958122496, 0.02033074370295887, 0.015710014058170567, 0.015589355516021067, 0.01348454042748404, 0.012722399872178132, 0.012232108760575787, 0.011992834962265116, 0.011930182386265845)
Topic 133	('salinity', 'osmoregulation', 'maenas', 'oc', 'temperature', 'charmantier', 'torres', 'crab', 'tmls', 'larva')	(0.0884968244251153, 0.05136180118224434, 0.036943189830510384, 0.029714295522550258, 0.02621267086537645, 0.025813668357751174, 0.023736488853166593, 0.022864536726072093, 0.021772487193403262, 0.021191245121757105)
Topic 134	('immune', 'late', 'female', 'early', 'reproduction', 'molitor', 'old', 'challenge', 'life', 'antibacterial')	(0.08045251216765387, 0.07856733065948793, 0.06716877660282972, 0.05828016473679633, 0.05011185157594791, 0.04772597248028386, 0.04444970605097962, 0.04005275516377656, 0.03863080421852654, 0.034292141231784305)
Topic 135	('citsci', 'corpus', 'citizen', 'sapiens', 'sociocultural', 'theme', 'keywords', 'human', 'journal', 'ecological')	(0.06323213762454195, 0.034060600840988275, 0.026097036299256516, 0.021963249262031283, 0.0171056610873397, 0.01606954044817435, 0.015100430632028988, 0.014862490940606186, 0.01386977006769328, 0.013812401242226931)
Topic 136	('emission', 'compound', 'bvoc', 'litter', 'cho', 'volatile', 'decomposition', 'soil', 'ormeo', 'organic')	(0.06975459718778204, 0.055101375259850184, 0.05087978616447542, 0.047680819616416924, 0.03123030432614506, 0.02970181797810549, 0.02590058086419185, 0.021017386184961413, 0.02085097281567615, 0.020408288880696866)
Topic 137	('wasp', 'ficus', 'philotrypesish', 'pollinator', 'apocrypta', 'sycoscapter', 'compton', 'apocryptophagus', 'nonpollinating', 'oviposit')	(0.07887271327091493, 0.05967246337493517, 0.05231772268001228, 0.03628470415180318, 0.030375938093312477, 0.02951555147444367, 0.029166588867270624, 0.02750472717285897, 0.027147025376735776, 0.026476800591637265)
Topic 138	('locust', 'aedes', 'http', 'albopictus', 'invasion', 'saturniid', 'plague', 'ecology', 'evolution', 'retrieved')	(0.01681452898764255, 0.016106774742823633, 0.015267230478407114, 0.014231655065826802, 0.012693100542961891, 0.011695837063786255, 0.010905925706385015, 0.010011455958467594, 0.009540967195430922, 0.009020842012977353)
Topic 139	('coma', 'sea', 'chloronotus', 'genetic', 'larval', 'population', 'bass', 'dicentrarchus', 'labrax', 'clavata')	(0.020994166012289362, 0.020068620226510334, 0.01867690613206552, 0.017767230449310535, 0.01740069259697916, 0.01736241114243768, 0.016433290802971765, 0.014326281950696735, 0.014296206061754147, 0.0135564320072503)
Topic 140	('count', 'gam', 'buttery', 'deviation', 'missing', 'spacetime', 'abundance', 'trend', 'interpolation', 'weekly')	(0.03505037380378207, 0.024783945966103726, 0.023041328670043913, 0.02122391036078777, 0.02088781697377104, 0.020063665999612026, 0.018653987478953832, 0.018462841373541594, 0.017131066787572275, 0.01629607343361969)
Topic 141	('patch', 'fragmentation', 'strategy', 'dispersal', 'coloniser', 'landscape', 'aggregation', 'competitor', 'propagules', 'simulation')	(0.043925209758905306, 0.04182005199537538, 0.04052747027750412, 0.03891753113778264, 0.03352423115470476, 0.027195262663374877, 0.023715253550235738, 0.023640813901844356, 0.022776602233274518, 0.0220129499386089)
Topic 142	('nutritional', 'social', 'food', 'collective', 'intake', 'nutrition', 'individual', 'nutrient', 'simpson', 'raubenheimer')	(0.07911233145742522, 0.032219854839668695, 0.03148543994704839, 0.028957103732969315, 0.025046978529139386, 0.024191510152847588, 0.018566314203329513, 0.018307419007109037, 0.01668747232350976, 0.01643483662716651)
Topic 143	('forecast', 'horizon', 'prediction', 'prociency', 'predictability', 'uncertainty', 'ecological', 'theory', 'forecasting', 'expert')	(0.09878468753281036, 0.057227611844014356, 0.04684398049161081, 0.03695063971890979, 0.028547862014411444, 0.021995892940556244, 0.01845275894344915, 0.016833376337217685, 0.01614087282896861, 0.0158688217167368)
Topic 144	('dd', 'extinction', 'exppdloss', 'primate', 'risk', 'status', 'threat', 'pdloss', 'imputation', 'originality')	(0.08777056188545695, 0.05756505512630497, 0.03661569078141578, 0.03655483827391379, 0.035465434764416194, 0.0349123552426998, 0.03399666412938182, 0.03240539555717549, 0.02964979640404465, 0.028937106098718652)
Topic 145	('antarctic', 'krill', 'hsp', 'paralog', 'superba', 'crystallorophias', 'gene', 'nonsynonymous', 'allelic', 'bottleneck')	(0.055432263909077885, 0.04656654024584411, 0.04150268659857642, 0.032387709090685696, 0.02886023633370019, 0.026371016365186926, 0.023801622088550852, 0.020485033390394786, 0.01873585703608124, 0.018182531289182496)
Topic 146	('dauteur', 'manuscrit', 'allee', 'mating', 'gypsy', 'manuscript', 'moth', 'robinet', 'success', 'author')	(0.08385672422398723, 0.08190392765944482, 0.06470561502958207, 0.059810262318392426, 0.05365397521754096, 0.052113536554697214, 0.0443353134415642, 0.04314519500461357, 0.04010911841055973, 0.03915314078309677)
Topic 147	('dog', 'canid', 'chile', 'guanaco', 'hunting', 'cursorial', 'south', 'feral', 'prevosti', 'ambush')	(0.11417294313666239, 0.054872882958497675, 0.05175947013439202, 0.04623528548390372, 0.03863653512491018, 0.03694465699637216, 0.02628983511018724, 0.024931038700884568, 0.024017637357791038, 0.023330474649666207)
Topic 148	('perturbation', 'si', 'sensitivity', 'matrix', 'eigenvector', 'pulse', 'ni', 'jacobian', 'time', 'vi')	(0.13185187559922223, 0.0646304893275756, 0.03473877703077147, 0.032613220122974663, 0.03157421058779398, 0.030389717894278648, 0.026953471360878885, 0.026729581820669732, 0.026316696057596487, 0.025865792585126925)
Topic 149	('gorilla', 'female', 'silverback', 'group', 'robbins', 'western', 'breuer', 'male', 'dispersal', 'social')	(0.12536896207947615, 0.048526722921737896, 0.04504058095412343, 0.04003104451347351, 0.03934413775403728, 0.02964168258141091, 0.028259709654507408, 0.02670927688948257, 0.02643019218069301, 0.023596113706712128)
Topic 150	('coli', 'gull', 'resistant', 'isolates', 'escherichia', 'antimicrobial', 'ec', 'enterobacteriaceae', 'carbapenem', 'chick')	(0.07648520118512137, 0.06730402546415493, 0.058181045873224355, 0.053805578783317945, 0.04294833906944775, 0.04263802215998214, 0.039545184300505215, 0.03523697953605509, 0.033858763849587, 0.02945772552239094)
Topic 151	('ant', 'carton', 'attina', 'hypha', 'dejean', 'chaetothyriales', 'nest', 'fungi', 'crematogaster', 'fungal')	(0.0661739780075646, 0.05464836805519152, 0.039413685105239925, 0.038872497437332544, 0.03785490518811259, 0.03635488927468122, 0.03613841417599618, 0.0316398095664858, 0.03035578076338715, 0.029765234978609233)
Topic 152	('flowering', 'lasthenia', 'vernalization', 'mlgs', 'competition', 'intraspecific', 'bromus', 'mlg', 'seed', 'selfing')	(0.05542822989942472, 0.05241622778146054, 0.042245815558264954, 0.02827130427653868, 0.02284208329722225, 0.022807805503403205, 0.022594265389075607, 0.02152155800330655, 0.021429746414653485, 0.02064711236131801)
Topic 153	('manatee', 'florida', 'oshea', 'crystal', 'dolphin', 'sighting', 'mammal', 'ackerman', 'survival', 'coast')	(0.10941862158660909, 0.054405365281292625, 0.04632207060707174, 0.03306211582670698, 0.02841739443745364, 0.027703563132734026, 0.027697721012814033, 0.02741769897032117, 0.027101437058265624, 0.022350827569263768)
Topic 154	('dispersal', 'bonte', 'evolution', 'legrand', 'jacob', 'fronhofer', 'cote', 'clobert', 'metapopulation', 'ecol')	(0.04538658500860465, 0.026298548457525876, 0.02512934423996225, 0.02444487209447717, 0.018878050958384806, 0.01859824295674731, 0.017236481309829604, 0.017034074970920493, 0.014442103399659095, 0.014190347911584586)
Topic 155	('seabird', 'foot', 'eider', 'albatross', 'alle', 'grunst', 'arctic', 'weimerskirch', 'jakubas', 'auk')	(0.030286087161500493, 0.029859795755147762, 0.029470915242768687, 0.026988855394829158, 0.023610250529575754, 0.019951487679120566, 0.019407134735318025, 0.01891150661141992, 0.01857100741174575, 0.0179627978104225)
Topic 156	('diving', 'foraging', 'petrel', 'seal', 'seabird', 'sgdp', 'penguin', 'cdp', 'marine', 'mannwhitney')	(0.05338155773401859, 0.030827997010950427, 0.02744508437198106, 0.02693522842083833, 0.025818248426672127, 0.023814445040450778, 0.022910933998065524, 0.022562935730640145, 0.02180065801115471, 0.020482281112581793)
Topic 157	('goose', 'snow', 'barnacle', 'gosling', 'moult', 'survival', 'sedentary', 'migratory', 'arctic', 'gauthier')	(0.08902387926876677, 0.028300349878646172, 0.027069661269844832, 0.02706585329007495, 0.02354580567283469, 0.022412913166316495, 0.021143003653772616, 0.02049333900879272, 0.019627712841537207, 0.018992632481237587)
Topic 158	('climate', 'marine', 'mpas', 'sdgs', 'plan', 'sdg', 'change', 'service', 'expert', 'ecosystem')	(0.0399750548688395, 0.03952111753626857, 0.0388969021546856, 0.03629306755105778, 0.03335373461728141, 0.030781490717982127, 0.02960527690733691, 0.02744619289007825, 0.021725994010918, 0.02042549566136549)
Topic 159	('xt', 'equation', 'dy', 'clinelike', 'process', 'stationary', 'limit', 'traulsen', 'stochastic', 'mutation')	(0.07920518436357483, 0.05945925535779119, 0.034725987439012514, 0.032571748255498745, 0.027712705113705702, 0.027015465275479125, 0.02678786297917318, 0.02591967399307283, 0.025910208691642338, 0.025647191546569168)
Topic 160	('aquaculture', 'disease', 'parasite', 'farmed', 'wild', 'salmon', 'farm', 'spillover', 'wildlife', 'goedknegt')	(0.11609181253030251, 0.05685058705644325, 0.047076303037901786, 0.04034785266877585, 0.038877993318028346, 0.032887234394502154, 0.02565643104758421, 0.02393551737305864, 0.023579548238179246, 0.021432645785864672)
Topic 161	('skua', 'albatross', 'amsterdam', 'cholera', 'disease', 'antibody', 'yellownosed', 'pm', 'infectious', 'avian')	(0.044546846740297845, 0.04166922412494363, 0.03623276839931733, 0.034540573683108436, 0.028790685454639, 0.02654867185822855, 0.023884054302627595, 0.023858090959911347, 0.023344697895362598, 0.022523544191100184)
Topic 162	('processionary', 'thaumetopoea', 'pityocampa', 'moth', 'pine', 'battisti', 'kerdelhue', 'http', 'simonato', 'allochronic')	(0.043342056060191377, 0.038557674194083916, 0.035483119957152046, 0.03337144389769754, 0.028250080750887505, 0.02478892277991903, 0.021502851436641535, 0.020068217793532562, 0.020014840144693007, 0.016496436010258252)
Topic 163	('web', 'food', 'brose', 'stability', 'ecology', 'letter', 'foodweb', 'ecosystem', 'loreau', 'nature')	(0.022835882087169038, 0.021417690224161585, 0.021283532886852537, 0.02037007588191229, 0.015722592945301327, 0.014388302080223743, 0.013824797057111485, 0.01293400153517311, 0.012811566392483244, 0.012513792536642112)
Topic 164	('termite', 'investment', 'terminal', 'reproductive', 'vibratory', 'reproduction', 'insect', 'reproductives', 'egg', 'worker')	(0.028977611076877706, 0.02394775021317071, 0.022292832622656095, 0.021602105789134914, 0.02105035808786565, 0.019216760731047014, 0.01758339541365598, 0.01754118844409045, 0.0165173387444815, 0.016419621823980005)
Topic 165	('tna', 'technology', 'innovation', 'human', 'population', 'technological', 'land', 'resource', 'agricultural', 'growth')	(0.043231685301582175, 0.040995545919404006, 0.03718905407068852, 0.029965597950058213, 0.026562552432633977, 0.025274353459920455, 0.02392742717097583, 0.021760622633625656, 0.02139706165559403, 0.020095092866080272)
Topic 166	('saddle', 'cycle', 'noise', 'crawlbys', 'crawlby', 'passage', 'xin', 'period', 'duration', 'stochasticity')	(0.11890882212032665, 0.09701811864859874, 0.06597846202425037, 0.06384665299421202, 0.06384665299421202, 0.04619051298800315, 0.03442372746014912, 0.0282980046511797, 0.027917524301180635, 0.024751557027747745)
Topic 167	('lurgi', 'sapiens', 'invasive', 'rabbit', 'humilis', 'fordham', 'ecology', 'httpsdoiorg', 'germanica', 'ritchie')	(0.018556928244224367, 0.017731292100273854, 0.016806918610275903, 0.0160455496567071, 0.013460593688440358, 0.013378660937454517, 0.013281359068260772, 0.012680339077509576, 0.011992827126776809, 0.011911825456159174)
Topic 168	('patch', 'asymmetry', 'prey', 'perturbation', 'biomass', 'perturbed', 'strenght', 'cv', 'predator', 'quvreux')	(0.11587385011284765, 0.10076069399732734, 0.06933686795051094, 0.06654969115510681, 0.06549900899863982, 0.058431899822755054, 0.0485560206664462, 0.04841278640189454, 0.048069669569214137, 0.044204053086394475)
Topic 169	('monitoring', 'learning', 'camera', 'automated', 'tracking', 'sensing', 'remote', 'deep', 'acoustic', 'unmanned')	(0.033878171359380774, 0.0235085754647903, 0.02149355708518526, 0.020805607555890338, 0.02001961972897065, 0.019380011238313295, 0.019367819379413762, 0.01785665874846412, 0.017667679280592156, 0.017029573494464625)
Topic 170	('diatom', 'foraminifera', 'ammonia', 'germanica', 'oceanense', 'schweizer', 'foraminiferal', 'sp', 'rdna', 'sequence')	(0.08641533661968717, 0.07312364506342671, 0.05995691942990365, 0.04579079448405691, 0.04324047289468643, 0.04069905555579771, 0.03964267144734342, 0.03806404497393105, 0.03784297040691699, 0.03637416909001865)
Topic 171	('oilseed', 'rape', 'tobacco', 'ramosa', 'cluster', 'hemp', 'host', 'genetic', 'crop', 'tomato')	(0.06283041822493221, 0.06058075831740527, 0.05877482029415896, 0.042748687170821656, 0.04211802463388839, 0.04057004664469706, 0.03139017792495126, 0.028775061403417016, 0.027204789705633663, 0.023983758107280553)
Topic 172	('atoll', 'island', 'pitcairn', 'endemic', 'raised', 'kiribati', 'fosberg', 'tuamotu', 'pacific', 'native')	(0.25389326234843906, 0.06815137465043608, 0.04760305500211942, 0.039946880154328394, 0.037231093684609855, 0.03706265510144228, 0.03687519218281606, 0.03686542881246609, 0.03233501748670144, 0.0288441452322495)
Topic 173	('gg', 'subsidy', 'ggg', 'gounand', 'upstream', 'gggg', 'bacteria', 'community', 'ecosystem', 'ttis')	(0.11421996694150446, 0.042379769242034654, 0.032330554072560934, 0.01947984649120846, 0.018980033342507405, 0.01740350569232614, 0.01738183203828127, 0.01727532271790647, 0.01472255184847129, 0.014340684318291719)
Topic 174	('metabolic', 'adjustment', 'persistence', 'web', 'carrying', 'rate', 'coecient', 'cbb', 'food', 'consumer')	(0.11449300845486174, 0.06978490598626255, 0.03420995379915226, 0.03346488566381597, 0.03329470496307749, 0.03325615639092319, 0.030306083681953373, 0.02981534368651254, 0.029000669156118125, 0.02550668884248839)
Topic 175	('patch', 'pdf', 'cp', 'movement', 'enrichment', 'resource', 'optimal', 'rsf', 'forager', 'unconditional')	(0.04469251492022295, 0.04404811081463667, 0.0410391988437149, 0.040720081150243344, 0.0332851073601949, 0.0323121209116572, 0.031661427345035395, 0.029847425356159224, 0.027671818924752966, 0.0261663268542986)
Topic 176	('challenged', 'insect', 'tack', 'fernandezconradi', 'herbivore', 'performance', 'preference', 'fungi', 'ecy', 'robin')	(0.08956308504939173, 0.07692000797479921, 0.06780685929611117, 0.06132259012561179, 0.061023227980307036, 0.05644158084647928, 0.05462022992257572, 0.05294937489354295, 0.05109701918317142, 0.050506880156278175)
Topic 177	('gull', 'breeding', 'immigrant', 'danchin', 'dispersal', 'slenderbilled', 'seabird', 'pradel', 'ecol', 'anim')	(0.030213835892980056, 0.029262181819281013, 0.02714650990642852, 0.025015603371740452, 0.021189777879583125, 0.020544364143087503, 0.017008285564302037, 0.01674891761717001, 0.016129500658768555, 0.015834692187210064)
Topic 178	('solea', 'pom', 'isotopic', 'luteum', 'laterna', 'linguatula', 'polychaete', 'lascaris', 'signature', 'juvenile')	(0.04734385486729222, 0.047010416497259656, 0.040704703068603416, 0.03999740585159651, 0.039764919646915343, 0.03763628537950266, 0.036938172784103517, 0.02936708162836209, 0.028287341622112386, 0.026701974406406506)
Topic 179	('damage', 'irrigation', 'tree', 'mildew', 'oak', 'leaf', 'herbivory', 'sapling', 'plot', 'chewer')	(0.05183115316163295, 0.039575480785969744, 0.03579406284609821, 0.0320542181772656, 0.03165022115508969, 0.02915732067964902, 0.027666082660506207, 0.026515744155235905, 0.024600846261673606, 0.02447934019677886)
Topic 180	('matching', 'dispersal', 'choice', 'habitat', 'range', 'probability', 'random', 'emigration', 'climate', 'mode')	(0.07202770869431364, 0.06070935380819056, 0.054810646146252064, 0.02985310794054604, 0.027920378798933575, 0.02502175806192614, 0.02403229784796525, 0.02290237583135231, 0.02270757324474177, 0.021504392371039408)
Topic 181	('microhabitat', 'comimetic', 'homomorphic', 'mimicry', 'morph', 'resource', 'heterogeneous', 'assortative', 'similarity', 'hom')	(0.14992189935095707, 0.08647848645738941, 0.07864434017869625, 0.06430475687935473, 0.06325345499501438, 0.05825307663046242, 0.050647090995422084, 0.046277927933589744, 0.04555904705856752, 0.04336974385612944)
Topic 182	('juvenile', 'resurvey', 'temperature', 'layer', 'survey', 'adult', 'zellweger', 'ontogenetic', 'baseline', 'canopy')	(0.04259652283118478, 0.0425194852006216, 0.03735829623963127, 0.03675713117894058, 0.03660284284630685, 0.03022647075486671, 0.027191582215919743, 0.025956924253292123, 0.025369429386650537, 0.024674782212173552)
Topic 183	('stochasticity', 'synchrony', 'simulation', 'abc', 'demographic', 'summary', 'statistic', 'model', 'census', 'httpwwwoikosjournalorg')	(0.0411498697903245, 0.027266772080987496, 0.026921202353293882, 0.025448569448053543, 0.021394505145804918, 0.020947381824581317, 0.01842853184690402, 0.016603494990832128, 0.016259057203446354, 0.014845032518429299)
Topic 184	('group', 'pedigree', 'kinship', 'inbreeding', 'zoo', 'pmx', 'fx', 'groupliving', 'nx', 'texas')	(0.07425734359182834, 0.0620639186949256, 0.036071977328780105, 0.03306104070480195, 0.030928887635730356, 0.02993311646130265, 0.02571264166016627, 0.02488316071399921, 0.024512486705529468, 0.02438197757121622)
Topic 185	('lepturus', 'subspecies', 'europa', 'lherminieri', 'noronha', 'ascensionis', 'europae', 'baroli', 'bermuda', 'bailloni')	(0.06521553855012577, 0.0480942628857568, 0.03953996555508248, 0.038591650115243674, 0.037596361838567585, 0.03539631039084414, 0.03491090742152704, 0.033007975939721525, 0.031091935115608194, 0.03024806288779852)
Topic 186	('mexico', 'record', 'ant', 'mexican', 'mxico', 'universidad', 'set', 'kaw', 'ecologa', 'veracruz')	(0.08026222236705109, 0.0773402088033474, 0.06798672061563152, 0.02976944476760457, 0.0220281194203861, 0.019826543389482337, 0.019786487898973477, 0.017604298170803567, 0.016182768847141118, 0.016060429435795706)
Topic 187	('stickleback', 'plated', 'anguilla', 'eel', 'swimming', 'fish', 'freshwater', 'plate', 'selection', 'morozov')	(0.05709668745349763, 0.04882556852442937, 0.03897287982313362, 0.03686999568849961, 0.03620541589716032, 0.02514306484100532, 0.024817667286546854, 0.022913181562558067, 0.020589766228330114, 0.017881218506104194)
