Topic	Words	Probabilities
Topic -1	['the', 'of', 'and', 'in', 'to', 'for', 'al', 'et', 'species', 'with', 'on', 'that', 'is', 'by', 'we']	[0.012822955503067899, 0.012129897887094353, 0.011710377272376008, 0.011260683400104114, 0.010779015195634156, 0.009134850252989074, 0.00893018750265542, 0.008919028512561518, 0.007860127335881059, 0.007858289369038486, 0.007807045018034223, 0.007758654072531459, 0.007731529789507767, 0.007559909230929698, 0.007277149081155807]
Topic 0	['genetic', 'the', 'of', 'were', 'and', 'was', 'for', 'loci', 'from', 'populations', 'using', 'in', 'with', 'to', 'al']	[0.014638953222722639, 0.0141214670290767, 0.01199186133703341, 0.011827910152366382, 0.011699518146068852, 0.010188843660089106, 0.010184875899668999, 0.010108022625061676, 0.010061038529334935, 0.009958391087690465, 0.009814865772819419, 0.009738058131791336, 0.009710946743414791, 0.009544355968885034, 0.008686589740205065]
Topic 1	['species', 'functional', 'the', 'diversity', 'of', 'trait', 'phylogenetic', 'and', 'to', 'in', 'community', 'is', 'that', 'we', 'al']	[0.019980233522223747, 0.014439367178372627, 0.013773865032996019, 0.013088621809630658, 0.012622132376431063, 0.011645577774049778, 0.011253062277753582, 0.0112465496058657, 0.010911011416814744, 0.010410355035079435, 0.010105059563264213, 0.009990712995871367, 0.009711061340279093, 0.009545417384966535, 0.00946994567751373]
Topic 2	['fish', 'the', 'and', 'in', 'of', 'lakes', 'to', 'for', 'al', 'et', 'trophic', 'on', 'prey', 'lake', 'were']	[0.018915270203964107, 0.012704843103210977, 0.012679640850244162, 0.012172486625468009, 0.012103306292313683, 0.011126821071697162, 0.010238360192036049, 0.009555325803500351, 0.009369572783741868, 0.009207171249301985, 0.008979659766806961, 0.008576333471783487, 0.008416253770078893, 0.008326852033467367, 0.008173653446560309]
Topic 3	['dispersal', 'the', 'of', 'species', 'and', 'al', 'et', 'to', 'in', 'climate', 'for', 'that', 'range', 'we', 'on']	[0.02474497715074757, 0.012633733872341119, 0.01252778782056146, 0.01241180612596809, 0.01198708683393054, 0.011703759153865846, 0.011453760210392685, 0.011019650993492166, 0.010917873213521912, 0.009852091785376013, 0.009701967073496662, 0.008834922897244118, 0.008787259136263312, 0.008289198944574945, 0.008256234200944089]
Topic 4	['forest', 'tree', 'the', 'and', 'forests', 'of', 'in', 'al', 'to', 'et', 'trees', 'growth', 'stand', 'for', 'light']	[0.023820790029935306, 0.018016623310303723, 0.012643907445627238, 0.012435255476777868, 0.012075834292768508, 0.011787591515000181, 0.011638784824833829, 0.011450716762085455, 0.01144819389468777, 0.011308315726739982, 0.010335228160007572, 0.010051065979021006, 0.009263184742410417, 0.009086154051287746, 0.009029295404177289]
Topic 5	['social', 'the', 'to', 'network', 'of', 'and', 'in', 'for', 'data', 'we', 'movement', 'individuals', 'al', 'et', 'that']	[0.013852800972469104, 0.013048156293736348, 0.01255990770251773, 0.012248577011491376, 0.012078363420809472, 0.011101441579254303, 0.010081838024679863, 0.009873550251301953, 0.009820104067545073, 0.009718314904472971, 0.009677767312043742, 0.009527059632604487, 0.008475990601302991, 0.00840145167666688, 0.008334432864817238]
Topic 6	['de', 'hal', 'documents', 'ou', 'research', 'france', 'des', 'recherche', 'archive', 'or', 'ecology', 'university', 'la', 'access', 'open']	[0.031376968073523914, 0.02848509056773956, 0.028385825654611212, 0.02727308599796313, 0.025994909970833112, 0.022498791361050572, 0.021547455409438438, 0.021211476713828902, 0.020914189551783088, 0.017309129421607283, 0.014777908684284441, 0.014119167885750116, 0.013136618987815405, 0.01305244587668377, 0.012746536755214198]
Topic 7	['litter', 'decomposition', 'leaf', 'and', 'the', 'in', 'of', 'mass', 'was', 'soil', 'microbial', 'to', 'fungal', 'were', 'detritivore']	[0.060553686720863274, 0.032440267165597066, 0.01858667483046509, 0.012778256938098583, 0.01254104810844208, 0.012081899290704252, 0.01162934746143276, 0.011385500696169233, 0.010813479285392289, 0.010497666819352183, 0.010249604206570588, 0.009977649014905958, 0.009734846055723124, 0.009380482587821547, 0.00937159628901186]
Topic 8	['age', 'survival', 'probability', 'model', 'breeding', 'probabilities', 'the', 'state', 'of', 'in', 'models', 'and', 'to', 'for', 'individuals']	[0.023667208902756226, 0.022170788221915615, 0.02013489118544749, 0.018109222899098602, 0.016946311714956853, 0.01661816224729968, 0.014644875135858463, 0.013453821954384272, 0.01237747727477848, 0.012176848267444366, 0.011918212864198524, 0.011053142925856255, 0.011043328567584445, 0.01081489949241758, 0.010711842521519063]
Topic 9	['immune', 'egg', 'eggs', 'females', 'the', 'larvae', 'larval', 'of', 'in', 'and', 'were', 'to', 'silk', 'was', 'al']	[0.02109712355433818, 0.015748673452984606, 0.015741824805361293, 0.013639955001536728, 0.013299929378911352, 0.012504887788347909, 0.012202240370475858, 0.012084001802536177, 0.011897448195498511, 0.011544281233280527, 0.011139287091537277, 0.011052208948192536, 0.00974352679215988, 0.009131797838505054, 0.009096584734139494]
Topic 10	['weed', 'crop', 'field', 'landscape', 'farming', 'of', 'the', 'species', 'fields', 'and', 'in', 'mixtures', 'to', 'biomass', 'diversity']	[0.01708001240810808, 0.016104332313771265, 0.014221668359442377, 0.013811812414090307, 0.0135069690013983, 0.013331741407802604, 0.012740613661752736, 0.012669439633819186, 0.012433352454587123, 0.011922259119191467, 0.01127372146902651, 0.010668650264803537, 0.010607294806408447, 0.009831661569509048, 0.009732809480945398]
Topic 11	['food', 'nutrient', 'webs', 'web', 'biomass', 'metabolic', 'the', 'trophic', 'resource', 'stability', 'of', 'and', 'rate', 'is', 'species']	[0.036698521134750785, 0.024964052763452007, 0.02378352454482366, 0.021984013973338545, 0.02034930086087534, 0.015445671168403686, 0.014440510625625359, 0.01409129139057894, 0.013091174924716903, 0.012708875469863852, 0.01267178138448537, 0.012308663027539515, 0.01207724061790186, 0.012055986056769307, 0.012029016000643591]
Topic 12	['water', 'lizards', 'thermal', 'temperature', 'body', 'thermoregulation', 'temperatures', 'lizard', 'in', 'and', 'to', 'of', 'we', 'the', 'ectotherms']	[0.02474115752910161, 0.01912799938160634, 0.018539557051908163, 0.017882545720356795, 0.01698320994738583, 0.015600299331803135, 0.014556160627689812, 0.013903288009582961, 0.013092069100940044, 0.01280079604922514, 0.011906657808700007, 0.010789382462468437, 0.01043012770211517, 0.010358671425144213, 0.010349155579419693]
Topic 13	['university', 'department', 'de', 'sciences', 'institute', 'ecology', 'biology', 'of', 'france', 'research', 'centre', 'usa', 'and', 'germany', 'la']	[0.03859911895296576, 0.028085140226048147, 0.028008521264097253, 0.02119929680181563, 0.018138328309116755, 0.017572494645748272, 0.015484673808637824, 0.01490395886327923, 0.014141663947186307, 0.014134772913622745, 0.013251824458017335, 0.012576644211483435, 0.012163012718892294, 0.009747773559941424, 0.0096024110126311]
Topic 14	['coral', 'corals', 'pco2', 'ph', 'and', 'al', 'calcification', 'et', 'symbiodinium', 'in', 'algae', 'the', 'photosynthesis', 'to', 'of']	[0.03195456521809095, 0.0181438991818653, 0.013616636152843087, 0.013572664318363464, 0.013096596550189092, 0.012272095657207674, 0.012084357110665373, 0.012052287522029588, 0.012049335693049258, 0.011865692648536331, 0.011800068781140765, 0.011603665758672641, 0.01093232162872101, 0.010795245555586848, 0.01078196712171907]
Topic 15	['seed', 'germination', 'seeds', 'elevation', 'species', 'traits', 'trait', 'plant', 'dormancy', 'in', 'and', 'the', 'to', 'of', 'elevational']	[0.02869900192005424, 0.017692660170786873, 0.016585928005180443, 0.01634197290177831, 0.015186077985998915, 0.01458762105195812, 0.014482342958517974, 0.013366760004301096, 0.012721244567363125, 0.012327518368680382, 0.012064316364498217, 0.011835625719985903, 0.011655647067647535, 0.011514611301961552, 0.01132038240909591]
Topic 16	['networks', 'network', 'interaction', 'interactions', 'the', 'species', 'of', 'mutualistic', 'to', 'and', 'al', 'we', 'et', 'is', 'nestedness']	[0.03768600283896594, 0.032485097745951964, 0.020026673936769206, 0.017666471525917087, 0.015553271177543184, 0.015366103752157858, 0.01396816966871142, 0.012647320149964895, 0.011501585627580824, 0.011284110127001219, 0.01115471041850794, 0.011080583033876747, 0.010946625583243427, 0.010763529530083261, 0.010462319277734099]
Topic 17	['bee', 'bees', 'pollen', 'wild', 'honey', 'floral', 'and', 'species', 'in', 'of', 'the', 'et', 'al', 'landscape', 'to']	[0.048426109821411094, 0.03959540749245287, 0.022342036565912448, 0.022071335194187126, 0.019973417206675188, 0.013599754907851418, 0.012934784039350639, 0.012651402221222598, 0.011843453537403851, 0.011420819178141186, 0.011176373724199834, 0.01051847704203154, 0.010270497241737163, 0.010114055484890585, 0.010076479088443141]
Topic 18	['dive', 'dives', 'foraging', 'seals', 'penguins', 'prey', '13c', 'diving', '15n', 'and', 'the', 'values', 'were', 'muscle', 'during']	[0.026322278898632874, 0.02434475462066125, 0.02400655202247083, 0.022828617562839985, 0.020216278500325428, 0.016307125414989646, 0.01577643149010696, 0.0149988219877316, 0.01467624046441825, 0.012661292999534633, 0.012500452059251366, 0.012398192303512575, 0.011996883588895373, 0.011701846405290501, 0.011425527234171066]
Topic 19	['nest', 'tits', 'great', 'clutch', 'tit', 'blue', 'laying', 'size', 'density', 'date', 'nests', 'in', 'cavity', 'breeding', 'boxes']	[0.04748919000814269, 0.038938845156396555, 0.03137272159150172, 0.031032603743197468, 0.030915204703684484, 0.028643733674515948, 0.024755905983267115, 0.024582194890690436, 0.018671203995954573, 0.018242440997941246, 0.015064638544952625, 0.013901293790122001, 0.013703237945059678, 0.013557625921976468, 0.013367902299905143]
Topic 20	['mimicry', 'colour', 'wing', 'butterflies', 'mimetic', 'pattern', 'species', 'phenotype', 'of', 'the', 'convergence', 'in', 'conspicuousness', 'and', 'predators']	[0.03944941282477931, 0.028996393044553516, 0.02132436857060883, 0.01699822769520735, 0.016873714707415097, 0.016337722397058153, 0.015141231813089823, 0.01392493998174465, 0.012803831758550337, 0.0127975975846495, 0.012774044426199812, 0.012450983363762158, 0.011981348145449577, 0.01171202922866971, 0.011565226746169749]
Topic 21	['ant', 'ants', 'humile', 'invicta', 'nests', 'the', 'of', 'and', 'workers', 'records', 'in', 'species', 'nest', 'to', 'by']	[0.041909561361288115, 0.03609594790875252, 0.016739142825309417, 0.016474493616925944, 0.014510913800127884, 0.013408014452223949, 0.012733726962119525, 0.012529961018290776, 0.011849018918139012, 0.011345398071341538, 0.011113076939123069, 0.010821715320807716, 0.009728302711196062, 0.009444919445065026, 0.009393896867933332]
Topic 22	['host', 'parasite', 'virulence', 'parasites', 'infected', 'hosts', 'transmission', 'dispersal', 'infection', 'paramecium', 'the', 'is', 'that', 'of', 'infections']	[0.02914126422412256, 0.02787211525399654, 0.02610352617969998, 0.024875978382330282, 0.02117471958218422, 0.02045608605692351, 0.01885907238469899, 0.017436354493978148, 0.015938211330458515, 0.01494346816512629, 0.013469464440297835, 0.013449342139109552, 0.013125598750784223, 0.01225750413724141, 0.01191622933293336]
Topic 23	['root', 'roots', 'soil', 'fineroot', 'excl', 'fine', 'diameter', 'traits', 'srl', 'absorptive', 'al', 'plant', 'et', 'and', 'species']	[0.07811263976639675, 0.039278954085209455, 0.027315351601300438, 0.020001349988148655, 0.019945841374873676, 0.019668025274032854, 0.01895169658769738, 0.017194565480242847, 0.01706712833654384, 0.015468992024341157, 0.014721387249451455, 0.014365991190445711, 0.014351304843218707, 0.01317447697825299, 0.012841133804372]
Topic 24	['https', 'orcid', 'data', 'manuscript', 'statement', 'authors', 'interest', 'conflict', 'available', 'dryad', 'repository', 'the', 'and', 'availability', 'research']	[0.07511609421776369, 0.0341282441373324, 0.03178682512652377, 0.023368363556848, 0.023176677711902394, 0.021285901918867887, 0.021030398757425108, 0.01868081492397031, 0.018433371266084783, 0.014851075181916194, 0.014842566787191721, 0.014792654868601887, 0.014259401498063056, 0.013234408512807662, 0.013185547808727932]
Topic 25	['fungal', 'soil', 'am', 'fungi', 'plant', 'ecm', 'root', 'communities', 'community', 'roots', 'the', 'in', 'of', 'and', 'composition']	[0.05020328333255485, 0.027510667638026932, 0.02419430054612311, 0.023269150042410886, 0.022444740453585073, 0.021122494377300502, 0.017925959597011293, 0.01706585870612772, 0.01609663879398299, 0.012908296953416111, 0.012776527204056042, 0.012495011401168047, 0.012232454502480776, 0.011888874031223096, 0.010836920006053035]
Topic 26	['sphagnum', 'microbial', 'peatland', 'phototrophic', 'peat', 'peatlands', 'and', 'in', 'the', 'traits', 'of', 'plant', 'al', 'et', 'testate']	[0.04779185173082211, 0.026932610740780898, 0.018748623693480137, 0.01836048828210644, 0.018025562377884153, 0.015942527452131074, 0.01441025448744953, 0.012707401890439878, 0.012249955601028996, 0.011581992961102234, 0.011403327897246187, 0.010747943490229256, 0.01072428353204557, 0.01066239367821023, 0.01052228785016857]
Topic 27	['perturbations', 'disturbance', 'patch', 'stability', 'perturbation', 'biomass', 'prey', 'disturbances', 'asymmetry', 'the', 'of', 'si', 'perturbed', 'species', 'time']	[0.02856124855243082, 0.023069161978938945, 0.022934382446345884, 0.022234843607757283, 0.019868154577956352, 0.01980121832701004, 0.017745803772337955, 0.01621697208459044, 0.01612934066781562, 0.01517033656601362, 0.014709220758342132, 0.014461043840535514, 0.014365992764980377, 0.013825750317836071, 0.013120991479384529]
Topic 28	['na', '00', 'betweenness', '000', 'strength', '003', '004', '005', 'bac', '001', '50', '0001', '10', '11', 'al']	[0.023415380951145127, 0.019877761905343183, 0.017367606801394903, 0.01364063470619457, 0.013143896047813014, 0.012842562745772898, 0.012506389500566375, 0.01194784244345843, 0.011320690743997622, 0.010621438127761205, 0.010449473728585566, 0.010342151714311366, 0.01021422885484131, 0.0100705398151367, 0.00995376736531466]
Topic 29	['m7', 'bm', 'mb', 'lc', '1b', 'm1', 'ou', 'om', 'uvb', 'rul', 'nt', '1oo', 'vv', 'uom', '7b']	[0.1188155827737792, 0.10339961499249375, 0.09769440709444158, 0.07508377552931998, 0.07163156128553844, 0.06960480562985702, 0.06214093004989287, 0.06101273062775699, 0.05236562822423092, 0.045321770341519345, 0.04507645016051634, 0.04346647601047926, 0.04288356477779217, 0.042352659513181616, 0.040733816163616376]
Topic 30	['tree', 'leaf', 'damage', 'herbivory', 'trees', 'oak', 'insect', 'phylogenetically', 'on', 'mildew', 'forest', 'phylogenetic', 'isolation', 'herbivores', 'effects']	[0.03301855023423024, 0.02942613682516452, 0.02342138773323648, 0.02224367013483844, 0.021465654769897854, 0.021180549741259186, 0.016217881698796663, 0.014935470375193502, 0.014719748131062811, 0.014321746551557947, 0.01374804358672581, 0.01337478862740364, 0.013242760882229778, 0.013049536282728034, 0.012908705897168506]
Topic 31	['bat', 'bats', 'solar', 'foraging', 'wind', 'roosts', 'pipistrellus', 'activity', 'roost', 'to', 'turbine', 'the', 'hedgerows', 'and', 'of']	[0.035994740352494156, 0.026747097240525507, 0.025115011791385013, 0.016295986373826246, 0.015661443465479007, 0.015052880922856159, 0.013450225045413194, 0.013435244393150086, 0.01338167770026145, 0.012970671289359111, 0.012701615995504156, 0.012359070441194484, 0.012214053624531892, 0.011509199615852861, 0.011205049473935474]
Topic 32	['observers', 'the', 'of', 'sampling', 'trend', 'to', 'conservation', 'counts', 'observer', 'for', 'trends', 'data', 'area', 'in', 'and']	[0.01875091471299392, 0.015310857843591125, 0.013435018817032456, 0.012855873463214438, 0.012654310857184277, 0.012583016151831012, 0.012562371432623712, 0.012182319676763047, 0.011911514071933195, 0.011465381870769602, 0.01125807746972154, 0.011214899601561886, 0.01110777458778433, 0.010981653176495298, 0.010462739532406673]
Topic 33	['equal', 'writing', 'supporting', 'editing', 'review', 'lead', 'investigation', 'draft', 'conceptualization', 'methodology', 'curation', 'https', 'supervision', 'original', 'validation']	[0.25628978777025696, 0.12253962638768845, 0.11962583565935776, 0.11154988577884417, 0.07293942362134939, 0.06754332486101443, 0.06659919248941064, 0.06151979945058267, 0.05918047211214934, 0.05853968226357387, 0.04612083890045644, 0.04450565020594398, 0.04311519920944106, 0.04050142927895166, 0.04012524313930925]
Topic 34	['flowering', 'floral', 'plant', 'pollinator', 'flower', 'segetum', 'seed', 'jacea', 'pollinators', 'urbanization', 'focal', 'species', 'urban', 'plants', 'and']	[0.025853178050958655, 0.02559871991359403, 0.025261431678379177, 0.023209192632025533, 0.019029896171884792, 0.018644083057424737, 0.016872808897838702, 0.01596979449837638, 0.015936821202289914, 0.014335749121389673, 0.014047123134051773, 0.013670955326495305, 0.01330480023868582, 0.012999279738858458, 0.012865177396833129]
Topic 35	['cumming', 'resilience', 'pas', 'biggs', 'multiscale', 'protected', 'and', 'local', 'conservation', 'approach', 'to', 'mathevet', 'capacity', 'adaptive', 'of']	[0.03295465259317299, 0.028119822094823554, 0.02235750569755762, 0.02168006574548596, 0.019274213187993227, 0.017092892472464972, 0.016391837494290955, 0.014578258674677618, 0.014181250656318752, 0.013983398677031977, 0.013478285707415846, 0.012817792960255134, 0.012222346918393908, 0.012015624038393841, 0.01198069765788764]
Topic 36	['phytoplankton', 'temperature', 'nutrient', 'thermal', 'the', 'heat', 'to', 'growth', 'species', 'and', 'at', 'stress', 'of', 'in', 'for']	[0.028673246227251106, 0.02764268648266037, 0.01759063924283905, 0.017431438282476144, 0.014460613696554712, 0.013040044780820777, 0.012830252504506031, 0.012424023074733672, 0.01171408936628868, 0.011545738046708585, 0.011037172045960367, 0.010939841859668701, 0.010796834435124298, 0.010693615535719824, 0.010583254148624082]
Topic 37	['rattus', 'rodent', 'rodents', 'musculus', 'and', 'the', 'trapping', 'of', 'in', 'species', 'to', 'invasion', 'norvegicus', 'al', 'et']	[0.025273452367256997, 0.024842760793729192, 0.016060147611083514, 0.015553145444574807, 0.013619903219553772, 0.01272623262355435, 0.012367097380731313, 0.012341738104412752, 0.011598088223834768, 0.010900570638862616, 0.010799242717684928, 0.01059379795556249, 0.010561675890118898, 0.010419085678688786, 0.010201129642427188]
Topic 38	['mass', 'body', 'birth', 'growth', 'date', 'antler', 'age', 'females', 'kg', 'adult', 'early', 'gaillard', 'life', 'males', 'individual']	[0.050794520606088724, 0.04441499758637474, 0.036207109051409544, 0.026879918857034554, 0.0236397161038285, 0.021913650732265436, 0.018689887311530682, 0.01856004373299391, 0.01657266756309372, 0.016023881429398052, 0.015736294496219612, 0.015076628234347612, 0.014277043798127748, 0.013706748393261659, 0.013507554622204751]
Topic 39	['fire', 're', 'fires', 'fwi', 'caledonia', 'model', 'forest', 'new', 'risk', 'the', 'burnt', 'and', 'of', 'escaped', 'applications']	[0.0546191815952358, 0.021294155719695798, 0.019879569763743582, 0.01821718479803036, 0.01817091139457583, 0.015524593801194439, 0.014507654350035133, 0.014444340902794554, 0.01389126718634527, 0.013852885072588866, 0.013622361417816883, 0.012704550569903734, 0.01269579257580575, 0.012640495574143517, 0.011613376805760713]
Topic 40	['islands', 'island', 'atolls', 'atoll', 'endemic', 'species', 'the', 'of', 'and', 'lava', 'speciation', 'archipelago', 'to', 'richness', 'endemics']	[0.042440185654710964, 0.031518718619893624, 0.02404173834610481, 0.01667646001173004, 0.014765682214931922, 0.013980030876803044, 0.01258030402624827, 0.01210639110128132, 0.011751983223413965, 0.011639506965114113, 0.011449122312915653, 0.011412166036238711, 0.011239772777192033, 0.011237258863829449, 0.010882933579183856]
Topic 41	['aphid', 'aphids', 'diapause', 'parasitoid', 'on', 'parasitoids', 'persicae', 'host', 'viruliferous', 'the', 'and', 'mpdnv', 'were', 'cereal', 'in']	[0.0592938995163448, 0.039407974980742985, 0.02146154260658007, 0.0192188002745321, 0.014451894892709318, 0.013591562101551886, 0.013558868183134665, 0.013444406800385984, 0.012592619833495003, 0.012427191082561921, 0.011913206985956501, 0.011906493936788068, 0.011292415866839005, 0.011270866160736588, 0.01114964754903199]
Topic 42	['urban', 'urbanization', 'urbanisation', 'nonurban', 'in', 'al', 'et', 'variation', 'environments', 'and', 'phenotypic', 'urbanised', 'of', 'habitats', 'to']	[0.05609375042071225, 0.022354691795802326, 0.01921367155059682, 0.017868614391744097, 0.013951120731426877, 0.013568799146555684, 0.01330242448818064, 0.012869626691278429, 0.01226699845222209, 0.012129319579169209, 0.012065403503502832, 0.011613583387323823, 0.011527329233824464, 0.01080630175655406, 0.010586899630993364]
Topic 43	['heritage', 'being', 'well', 'nature', 'equity', 'constructs', 'cultural', 'values', 'people', 'value', 'human', 'and', 'as', 'to', 'of']	[0.04843287689519502, 0.04202949855389567, 0.038950477758563744, 0.02180928762053874, 0.01974398402194015, 0.01799442348607028, 0.017361348364364676, 0.016881712091062713, 0.01687028389641241, 0.016073913831885254, 0.01586246643316032, 0.015819831680431336, 0.013305338984879745, 0.012916162230203558, 0.01257214847951525]
Topic 44	['telomere', 'length', 'telomeres', 'body', 'helpers', 'troc', 'chicks', 'life', 'age', 'chick', 'maternal', 'al', 'et', 'tl', 'size']	[0.08084326676180396, 0.030142131049941408, 0.02372630257325154, 0.022463728532001646, 0.02125983289667559, 0.021031862860505034, 0.018161937505909883, 0.017691594156921377, 0.015633668488002822, 0.01424910134922487, 0.014235665997534234, 0.013975396240331717, 0.013728867893938719, 0.01362312084617617, 0.012666228980020547]
Topic 45	['mpas', 'marine', 'mpa', 'engagement', 'climate', 'change', 'conservation', 'sdg', 'human', 'sdgs', 'california', 'areas', 'ecosystem', 'services', 'and']	[0.051306465730595385, 0.044818654112897274, 0.03309015608131739, 0.03171870709752325, 0.02181894718342885, 0.019285443791761246, 0.017311310519260183, 0.016402790059320344, 0.015626564867248453, 0.01556047229499427, 0.015279933374057956, 0.014886778625301036, 0.014674452139155202, 0.014433667691734367, 0.013362940691832434]
Topic 46	['fly', 'fruit', 'host', 'zonata', 'arisanus', 'species', 'dorsalis', 'tephritidae', 'plant', 'invasion', 'quilicii', 'flies', 'plants', 'capitata', 'bactrocera']	[0.03237640549162314, 0.030846734984184696, 0.027304176553466786, 0.024316020315585163, 0.0231004819270903, 0.022990655834575435, 0.02094821696447113, 0.017110707996389102, 0.016817411775297893, 0.016611289922030936, 0.014906735332474597, 0.014535682163375188, 0.014506825337410692, 0.013276241431199673, 0.012193892809342825]
Topic 47	['edna', 'species', 'metabarcoding', 'https', 'dna', 'marine', 'depth', 'fish', 'biodiversity', 'coral', 'al', 'reef', 'et', 'motu', 'and']	[0.048119610462914936, 0.015982704305658922, 0.015803362494852726, 0.015212308230259586, 0.014919027885123249, 0.014078529156819671, 0.013947376086512524, 0.013549608702389145, 0.012737491048416854, 0.012625629095900662, 0.012605623797757157, 0.012584009801379675, 0.012382776179002321, 0.011416276756074322, 0.01094372934092434]
Topic 48	['foraging', 'breeding', 'niche', 'boldness', 'cdp', 'seabirds', 'sgdp', 'weimerskirch', 'al', 'et', 'and', 'the', 'to', 'in', 'diving']	[0.023792861549712045, 0.022964525815071014, 0.020197070032918353, 0.017147121148844795, 0.015726632075976812, 0.015064629046962742, 0.01471291331025446, 0.0128508035294743, 0.012580899155392958, 0.012293215563906362, 0.01208070216246308, 0.011979546868960321, 0.01186025475717115, 0.01158096376053026, 0.011429649037716089]
Topic 49	['sperm', 'fertilization', 'ph', 'ageing', 'male', 'males', 'ejaculate', 'competition', 'age', 'reproductive', 'in', 'pht', 'production', 'allocation', 'of']	[0.08986758914537576, 0.03287721411708137, 0.03085538774404599, 0.02073382446528566, 0.020585521789925783, 0.01870635398654258, 0.01681794473878936, 0.016311112033697315, 0.015243889686583289, 0.013079627534196952, 0.012796005857121068, 0.01259538474344213, 0.012227777331613694, 0.01219357325998572, 0.011828916197209332]
Topic 50	['morph', 'evolutionary', 'eco', 'dynamics', 'selection', 'evolution', 'omd', 'the', 'ecological', 'qg', 'variance', 'trait', 'is', 'of', 'to']	[0.028837726859664046, 0.023772361172399174, 0.022286898305202533, 0.021848791355672702, 0.02131538308565869, 0.017539732771465772, 0.01668164361640834, 0.015595523405291295, 0.015144807068743387, 0.014799104975517022, 0.014026112619276025, 0.013965501569515268, 0.013868946821569337, 0.012996118408204369, 0.012896111379413799]
Topic 51	['santomea', 'yakuba', 'males', 'drosophila', 'bcyak', 'courtship', 'male', 'sexual', 'mate', 'song', 'females', 'spot', 'in', 'pigmentation', 'that']	[0.036144728674869786, 0.03499974303972019, 0.023889019707680065, 0.0167295089737862, 0.01616715302981865, 0.015230976938372014, 0.015081370777856904, 0.014879241944781636, 0.01442011958862227, 0.014358219300966462, 0.014186653874982713, 0.013953774955165874, 0.013156977678119037, 0.012822743450588526, 0.0126167736801513]
Topic 52	['teeth', 'snakes', 'tooth', 'shape', 'dental', 'prey', 'curvature', 'mmc', 'pmm', 'head', 'the', 'and', 'of', 'landmarks', 'mammals']	[0.03794093685324103, 0.03299934922239587, 0.02970290223762567, 0.027382608616849935, 0.025138953700562097, 0.02190165723766003, 0.020111668388098816, 0.01934462000011733, 0.017222725284282977, 0.017005106214307245, 0.015016284853225816, 0.013470807886120557, 0.013268794372914972, 0.012359929155726307, 0.01216211184285578]
Topic 53	['gypsy', 'manuscrit', 'auteur', 'moth', 'author', 'manuscript', 'allee', 'robinet', 'liebhold', 'mating', 'populations', 'success', 'postprint', 'dispersal', 'citer']	[0.04879272079264424, 0.04874928226558913, 0.046637373431858385, 0.04506784644136315, 0.0353640923666791, 0.03451037352924631, 0.029902044968276056, 0.023978361216338256, 0.023920729210019125, 0.02216544297813458, 0.01829484556519283, 0.015551554874020847, 0.01506878905432718, 0.013999446334504796, 0.013603263285804391]
Topic 54	['host', 'parasite', 'parasites', 'storage', 'blood', 'infection', 'prevalence', 'plasmodium', 'leucocytozoon', 'dna', 'samples', 'mosquitoes', 'mosquito', 'of', 'infections']	[0.02658548930955339, 0.026017702657648415, 0.02263550642607258, 0.021495733488517417, 0.0213576576557012, 0.019364614750148078, 0.017831383667554684, 0.016979623760954264, 0.016369106743153502, 0.016145000669155928, 0.014838050118762448, 0.013484195559378496, 0.013308688240293772, 0.011801244026069517, 0.011644644533883365]
Topic 55	['de', 'hal', 'documents', 'ou', 'research', 'france', 'recherche', 'archive', 'des', 'or', 'id', 'la', 'orcid', 'university', 'bird']	[0.029102732467578118, 0.02575824446981716, 0.025249358767285273, 0.024238656879510292, 0.023527914843655413, 0.020474641171469295, 0.01859162766292821, 0.018334369360568432, 0.018208258827351782, 0.016228600419285203, 0.016002590389727237, 0.015770763693671627, 0.014406357910101617, 0.01314394207385558, 0.012600227575555411]
Topic 56	['de', 'des', 'hal', 'documents', 'research', 'ou', 'recherche', 'archive', 'france', 'university', 'la', 'forest', 'or', 'tree', 'ecology']	[0.03804583823936851, 0.027700388528996433, 0.026391506930654333, 0.026367612473893614, 0.025562237225044793, 0.02531214821640076, 0.02200496328993322, 0.019146369248753566, 0.018751174962703742, 0.016848927872559878, 0.01616133530369001, 0.015700173034075175, 0.015526801968441197, 0.014347067497114563, 0.013897480394957263]
Topic 57	['ficus', 'wasp', 'pollinator', 'wasps', 'fig', 'species', 'receptive', 'pollinators', 'host', 'sycoscapter', 'trees', 'apocryptophagus', 'apocrypta', 'sp', 'the']	[0.04149209882490552, 0.0328887378344835, 0.025586288331103647, 0.025274417116444556, 0.023337454716540532, 0.021934416488401873, 0.020020486729219637, 0.019036994897962126, 0.017554486691918718, 0.015767774954972877, 0.015055799968246767, 0.014536189591759669, 0.013401252736716683, 0.012447527850063055, 0.012433942953405918]
Topic 58	['de', 'marine', 'france', 'research', 'hal', 'documents', 'ou', 'des', 'recherche', 'university', 'archive', 'equal', 'ecology', 'or', 'https']	[0.02820160507287931, 0.026701382566298552, 0.021481041594612137, 0.02109168170011338, 0.02024740511722047, 0.020229073433949734, 0.019419327614419366, 0.017289413852661074, 0.016345051469705878, 0.015583678942721457, 0.015065619627887912, 0.014023846461232342, 0.013122539361665297, 0.012984350090002738, 0.012136260344698623]
Topic 59	['wolbachia', 'infection', 'versus', 'spider', 'bassiana', 'brunneum', 'greenisland', 'suzukii', 'mites', 'tetranychus', 'wsuz', 'urticae', 'zl', 'mite', 'populations']	[0.06423628392536052, 0.02917848786997721, 0.02500374654375586, 0.023687948722906003, 0.02090479040685758, 0.01847678510885902, 0.017489729203296223, 0.017079318369869412, 0.01677084034186418, 0.01671980480639494, 0.01652458535319137, 0.015966853290942235, 0.015167209347698824, 0.01515595013151078, 0.01376371477310888]
Topic 60	['owls', 'owl', 'breeding', 'goshawk', 'tawny', 'vole', 'predation', 'females', 'age', 'petty', 'survival', 'years', 'in', 'of', 'was']	[0.04986691071787952, 0.039135698820443376, 0.03324896263730502, 0.03151764521607496, 0.030849008279015613, 0.028690119958716922, 0.028202354399533728, 0.01853644040583575, 0.01810066137540967, 0.017039380549045424, 0.014888348265917489, 0.013806212660676215, 0.013088384338476696, 0.01305731113936631, 0.012750117144139404]
Topic 61	['soil', 'uptake', '15n', 'retention', 'nh4', 'microbial', 'plant', 'no3', 'substrate', 'and', 'nitrogen', 'root', 'ecosystem', 'biomass', 'in']	[0.044999658778504995, 0.03636162154160557, 0.023021757444222416, 0.022577034862175705, 0.022315523098150773, 0.02074733991964059, 0.019584437859008343, 0.018885123318413573, 0.01836932478993179, 0.015652134909253036, 0.014575018734211178, 0.014457272280982269, 0.013475813550903881, 0.011832493065398877, 0.011081916873241351]
Topic 62	['epigenetic', 'methylation', 'dna', 'variation', 'epigenetics', 'al', 'et', 'in', 'phenotypic', 'thaliana', 'genetic', 'genome', 'and', 'of', 'inheritance']	[0.08696876441279669, 0.06322618884052561, 0.03674181438659571, 0.02611192956782258, 0.023366085273604134, 0.019250350551010167, 0.018685349665873742, 0.015572220042454246, 0.01524773626790434, 0.015226745657252534, 0.0138583867045628, 0.0132295659210904, 0.012440386575438323, 0.011912357448900415, 0.011452530876878452]
Topic 63	['population', 'demographic', 'growth', 'correlations', 'survival', 'rate', 'vital', 'temporal', 'elasticities', 'the', 'elasticity', 'stochastic', 'of', 'rates', 'to']	[0.03665755132572643, 0.030411756379261797, 0.027821469582405264, 0.02033574765725765, 0.020237724215184553, 0.019028617183849728, 0.01751549605725831, 0.015795476589896516, 0.015498193568159123, 0.015479121991370486, 0.014982422753317971, 0.014335447355466819, 0.014284613981063224, 0.01355568334721756, 0.013142902021520875]
Topic 64	['psi2', 'psi3', 'e2', 'phi', 'e1', 'psi1', 'e0', 'population', 'technology', 'innovation', '146', 'tn', 'human', 'land', 'growth']	[0.2181577840597013, 0.19553783507123085, 0.15801067103539468, 0.1557314530986489, 0.14355395509757268, 0.14031607630379214, 0.11940900520474229, 0.038332541314438126, 0.032855698517297284, 0.026683245318742943, 0.024723484349174606, 0.024218161649445857, 0.021750999105255787, 0.021526598867054436, 0.019478729105277575]
Topic 65	['prey', 'acclimation', 'predator', 'temperature', 'turbidity', 'warming', 'metabolic', 'predators', 'rate', 'highlatitude', 'lowlatitude', 'the', 'search', 'thermal', 'cave']	[0.031939503059030414, 0.026096115896410813, 0.025253947137498813, 0.02429962322474024, 0.022410041915542526, 0.021407426012297812, 0.01843455729538857, 0.017401798036058326, 0.017170337236182543, 0.017051940577335216, 0.01644810854045769, 0.016428172461273354, 0.015596375884358986, 0.014939365149619476, 0.014651045593532254]
Topic 66	['parasitoid', 'host', 'csd', 'populations', 'diploid', 'slcsd', 'extinction', 'parasitoids', 'population', 'males', 'hosts', 'the', 'in', 'of', 'females']	[0.06429574938591338, 0.034778327178914555, 0.031339770690820494, 0.023402298437011516, 0.023274770682518882, 0.02313817229437981, 0.020645872932066704, 0.018377334761841245, 0.016975663901866774, 0.016265279569741165, 0.014211514387049921, 0.013658796385605802, 0.013304038283665632, 0.013117175422707569, 0.01252661314621774]
Topic 67	['pal', 'phyllonorycter', 'nam', 'sp', 'sonchus', 'spinus', 'sam', 'ori', '01', 'oleraceus', 'carex', 'afr', 'oleria', 'carpodacus', 'serinus']	[0.0645863422634657, 0.05156798902768097, 0.028502645655662316, 0.024251762985123285, 0.023238837752183876, 0.02229544653984238, 0.021812054469748706, 0.019536207631692424, 0.01928634644595562, 0.019280268968339977, 0.01906163511185271, 0.018812644386074186, 0.016682627215747464, 0.01527550808363081, 0.014404521922360483]
Topic 68	['virulent', 'avirulent', 'pallida', 'nematode', 'virulence', 'potato', 'nematodes', 'infestans', 'phytophthora', 'isolates', 'cyst', 'adaptation', 'lifehistory', 'incognita', 'the']	[0.0337630920939028, 0.03191976968333547, 0.0256649892332656, 0.025488227145397967, 0.024350003647708715, 0.02432909992996092, 0.021613036672168632, 0.0178625601247778, 0.01614598272903511, 0.015626837838183284, 0.01546819198997262, 0.015113012660591719, 0.013862509532931553, 0.013784870013444979, 0.013750412618747302]
